Pos,ID,Name,BV,SV,Team,30_xMins,30_Pts,31_xMins,31_Pts,32_xMins,32_Pts,33_xMins,33_Pts,34_xMins,34_Pts,35_xMins,35_Pts,36_xMins,36_Pts,37_xMins,37_Pts,38_xMins,38_Pts,Elite%
M,1,Fábio Vieira,5.4,5.4,Arsenal,0,0.00,0,0.00,0,0.00,0,0.00,0,0.00,0,0.00,0,0.00,0,0.00,0,0.00,0.00
F,2,G.Jesus,6.5,6.5,Arsenal,0,0.00,0,0.00,0,0.00,0,0.00,0,0.00,0,0.00,0,0.00,0,0.00,0,0.00,0.00
D,3,Gabriel,6.4,6.2,Arsenal,91,4.76,87,3.93,84,4.24,83,5.98,81,2.50,81,3.94,81,3.06,81,3.80,81,4.59,0.89
F,4,Havertz,7.7,7.7,Arsenal,0,0.00,0,0.00,0,0.00,0,0.00,0,0.00,0,0.00,0,0.00,0,0.00,0,0.00,0.00
G,5,Hein,4.0,4.0,Arsenal,0,0.00,0,0.00,0,0.00,0,0.00,0,0.00,0,0.00,0,0.00,0,0.00,0,0.00,0.00
D,6,J.Timber,5.6,5.6,Arsenal,77,3.97,74,3.40,69,3.52,66,4.70,65,2.00,62,3.07,60,2.32,59,2.80,60,3.36,0.06
M,7,Jorginho,4.7,4.7,Arsenal,12,0.50,15,0.61,15,0.66,16,0.91,17,0.43,16,0.68,19,0.76,17,0.72,18,0.77,0.00
D,8,Kiwior,4.8,4.8,Arsenal,2,0.06,4,0.12,6,0.21,7,0.37,8,0.18,8,0.30,9,0.27,10,0.36,8,0.35,0.00
M,9,Martinelli,6.5,6.5,Arsenal,78,4.74,73,4.06,67,4.45,65,5.54,67,2.41,65,4.01,67,3.25,64,3.75,67,4.56,0.00
M,10,Nelson,5.0,5.0,Fulham,0,0.00,0,0.00,0,0.00,0,0.00,0,0.00,0,0.00,0,0.00,0,0.00,17,0.83,0.00
F,11,Nketiah,5.9,5.9,Crystal Palace,49,2.90,39,2.02,26,2.66,26,1.94,27,0.70,31,1.74,30,1.96,30,1.56,30,1.37,0.00
M,12,Nwaneri,4.6,4.5,Arsenal,53,3.01,51,2.69,45,2.79,43,3.34,42,1.38,42,2.31,41,1.96,43,2.32,42,2.56,0.11
M,13,Ødegaard,8.2,8.2,Arsenal,89,5.27,85,4.54,84,4.96,82,6.07,81,2.50,82,4.08,80,3.37,79,3.91,79,4.52,0.10
G,14,Ramsdale,4.4,4.4,Southampton,94,3.14,93,3.07,93,3.12,93,4.38,92,1.25,92,3.43,91,3.33,92,3.14,92,2.91,0.00
G,15,Raya,5.5,5.5,Arsenal,94,4.34,94,4.03,93,4.09,92,5.80,91,2.48,90,3.95,90,3.71,91,3.87,90,4.36,0.20
M,16,Rice,6.2,6.2,Arsenal,83,3.21,81,2.99,80,3.33,77,4.19,76,1.80,77,2.96,75,2.53,74,2.76,75,3.15,0.00
M,17,Saka,10.2,10.2,Arsenal,9,0.68,25,1.61,53,4.07,67,6.47,74,3.12,81,5.67,82,4.44,80,5.29,77,6.02,0.00
D,18,Saliba,6.2,6.1,Arsenal,91,4.57,88,3.84,86,4.06,84,5.79,83,2.50,83,3.90,84,3.01,83,3.74,83,4.45,0.04
M,19,Smith Rowe,5.1,5.1,Fulham,66,2.46,59,2.57,58,2.63,54,3.86,53,1.19,52,2.60,53,3.57,52,2.17,50,2.40,0.00
M,20,Thomas,4.9,4.9,Arsenal,73,2.59,72,2.41,69,2.59,67,3.30,64,1.37,64,2.27,63,1.96,63,2.14,64,2.46,0.00
D,21,Tierney,4.3,4.3,Arsenal,3,0.15,4,0.18,4,0.22,5,0.31,6,0.17,6,0.28,6,0.24,7,0.32,7,0.37,0.00
D,22,Tomiyasu,4.8,4.8,Arsenal,0,0.00,0,0.00,0,0.00,0,0.00,0,0.00,0,0.00,0,0.00,0,0.00,0,0.00,0.00
M,23,Trossard,6.8,6.8,Arsenal,72,4.64,69,4.00,64,4.43,61,5.43,60,2.27,60,3.83,59,2.99,59,3.58,60,4.33,0.18
D,24,White,6.1,6.1,Arsenal,25,1.19,30,1.28,36,1.72,41,2.80,45,1.31,50,2.39,50,1.88,49,2.25,49,2.67,0.00
D,25,Zinchenko,4.8,4.8,Arsenal,12,0.58,15,0.68,14,0.73,16,1.11,17,0.51,15,0.77,17,0.74,17,0.86,17,0.94,0.00
D,26,Alex Moreno,4.2,4.2,Nott'm Forest,9,0.40,0,0.00,14,0.66,16,0.67,16,0.43,19,0.83,18,1.24,19,0.73,19,0.77,0.00
F,27,Archer,4.9,4.9,Southampton,28,1.55,31,1.68,30,1.65,31,2.21,31,0.67,29,1.74,31,1.77,32,1.56,31,1.39,0.00
M,28,Bailey,6.2,6.2,Aston Villa,22,1.19,23,1.33,24,1.51,25,2.38,24,0.11,25,1.43,25,1.96,24,1.04,32,1.62,0.00
M,29,Barkley,5.2,5.2,Aston Villa,6,0.29,9,0.43,14,0.80,15,1.28,15,0.06,17,0.87,17,1.16,16,0.60,21,0.98,0.00
M,30,Barrenechea,4.9,4.9,Aston Villa,0,0.00,0,0.00,0,0.00,0,0.00,0,0.00,0,0.00,0,0.00,0,0.00,0,0.00,0.00
M,31,Buendia,5.1,5.1,Aston Villa,0,0.00,0,0.00,0,0.00,0,0.00,0,0.00,0,0.00,0,0.00,0,0.00,0,0.00,0.00
D,32,Cash,4.4,4.4,Aston Villa,33,1.04,33,1.31,33,1.51,33,1.85,34,0.08,31,1.27,33,1.55,32,0.88,34,1.19,0.00
M,33,Dendoncker,4.5,4.5,Aston Villa,0,0.00,0,0.00,0,0.00,0,0.00,0,0.00,0,0.00,0,0.00,0,0.00,0,0.00,0.00
M,34,Diaby,6.5,6.5,Aston Villa,0,0.00,0,0.00,0,0.00,0,0.00,0,0.00,0,0.00,0,0.00,0,0.00,0,0.00,0.00
D,35,Diego Carlos,4.5,4.5,Aston Villa,0,0.00,0,0.00,0,0.00,0,0.00,0,0.00,0,0.00,0,0.00,0,0.00,0,0.00,0.00
D,36,Digne,4.5,4.5,Aston Villa,64,2.08,62,2.67,60,3.01,60,3.58,61,0.14,59,2.63,57,2.86,58,1.73,59,2.14,0.01
M,37,Dobbin,5.0,5.0,Aston Villa,0,0.00,0,0.00,0,0.00,0,0.00,0,0.00,0,0.00,0,0.00,0,0.00,0,0.00,0.00
F,38,Duran,5.7,5.7,Aston Villa,0,0.00,0,0.00,0,0.00,0,0.00,0,0.00,0,0.00,0,0.00,0,0.00,0,0.00,0.00
G,39,Gauci,4.0,4.0,Aston Villa,0,0.00,0,0.00,0,0.00,0,0.00,0,0.00,0,0.00,0,0.00,0,0.00,0,0.00,0.00
D,40,Hause,3.9,3.9,Aston Villa,0,0.00,0,0.00,0,0.00,0,0.00,0,0.00,0,0.00,0,0.00,0,0.00,0,0.00,0.00
M,41,Iling Jr,5.4,5.4,Aston Villa,0,0.00,0,0.00,0,0.00,0,0.00,0,0.00,0,0.00,0,0.00,0,0.00,0,0.00,0.00
M,42,Kamara,5.0,5.0,Aston Villa,50,1.46,54,1.66,51,1.68,53,2.75,50,0.13,52,1.60,50,2.10,50,1.11,52,1.54,0.00
D,43,Kesler-Hayden,4.0,4.0,Aston Villa,0,0.00,0,0.00,0,0.00,0,0.00,0,0.00,0,0.00,0,0.00,0,0.00,0,0.00,0.00
D,44,Konsa,4.4,4.4,Aston Villa,91,2.27,90,3.10,88,3.57,89,3.93,87,0.14,87,3.10,86,3.22,85,1.92,86,2.46,0.06
D,45,Maatsen,4.5,4.5,Aston Villa,32,1.16,32,1.37,34,1.68,34,2.16,32,0.09,34,1.52,36,1.87,36,1.08,36,1.36,0.00
G,46,Marschall,4.0,4.0,Aston Villa,0,0.00,0,0.00,0,0.00,0,0.00,0,0.00,0,0.00,0,0.00,0,0.00,0,0.00,0.00
G,47,Martinez,5.0,5.0,Aston Villa,94,3.30,93,3.53,92,3.77,92,5.79,92,0.28,92,3.56,91,4.58,91,2.29,91,3.34,0.06
M,48,McGinn,5.2,5.2,Aston Villa,57,2.05,55,2.18,58,2.61,57,3.71,57,0.17,58,2.32,57,3.01,57,1.66,59,2.25,0.00
D,49,Mings,4.4,4.4,Aston Villa,57,1.64,51,1.96,47,2.07,46,2.39,49,0.10,47,1.80,47,2.03,49,1.23,46,1.47,0.00
D,50,Nedeljkovic,3.9,3.9,Aston Villa,0,0.00,0,0.00,0,0.00,0,0.00,0,0.00,0,0.00,0,0.00,0,0.00,0,0.00,0.00
G,51,Olsen,4.5,4.5,Aston Villa,1,0.04,2,0.09,3,0.11,3,0.18,3,0.01,3,0.12,4,0.19,4,0.10,4,0.14,0.00
D,52,Pau,4.2,4.2,Aston Villa,54,1.46,66,2.33,75,3.08,73,3.41,71,0.13,73,2.67,71,2.80,70,1.65,70,2.09,0.00
M,53,Ramsey,5.4,5.4,Aston Villa,54,2.26,51,2.29,52,2.67,51,3.85,51,0.18,50,2.28,51,3.08,51,1.78,54,2.26,0.00
M,54,Rogers,5.5,5.2,Aston Villa,80,3.18,76,3.40,69,3.62,68,5.14,72,0.25,71,3.34,70,4.32,68,2.41,70,2.96,0.08
G,55,Sinisalo,4.0,4.0,Aston Villa,0,0.00,0,0.00,0,0.00,0,0.00,0,0.00,0,0.00,0,0.00,0,0.00,0,0.00,0.00
D,56,Sousa,4.0,4.0,Aston Villa,0,0.00,0,0.00,0,0.00,0,0.00,0,0.00,0,0.00,0,0.00,0,0.00,0,0.00,0.00
M,57,Tielemans,5.5,5.5,Aston Villa,81,2.70,76,2.85,72,3.01,70,4.47,70,0.21,69,2.70,69,3.52,70,2.03,70,2.48,0.00
F,58,Watkins,8.9,8.9,Aston Villa,70,3.56,81,4.38,80,5.09,79,7.13,78,0.32,78,4.36,78,5.87,78,3.49,79,3.98,0.01
D,59,Aarons,4.3,4.3,Bournemouth,0,0.00,0,0.00,0,0.00,0,0.00,0,0.00,0,0.00,0,0.00,0,0.00,0,0.00,0.00
M,60,Adams,4.9,4.9,Bournemouth,47,1.61,44,1.37,46,1.46,46,1.73,39,0.82,39,1.10,42,1.80,42,0.87,43,1.48,0.00
M,61,Anthony,4.5,4.5,Bournemouth,0,0.00,0,0.00,0,0.00,0,0.00,0,0.00,0,0.00,0,0.00,0,0.00,0,0.00,0.00
M,62,Brooks,4.9,4.9,Bournemouth,24,1.57,24,1.32,27,1.53,27,1.77,24,0.90,23,1.03,24,1.92,24,0.84,26,1.71,0.00
M,63,Christie,4.9,4.9,Bournemouth,62,2.88,61,2.35,46,1.88,49,2.32,66,1.71,65,1.99,64,3.47,62,1.53,63,2.97,0.00
M,64,Cook,5.0,5.0,Bournemouth,87,3.07,80,2.43,78,2.46,76,2.74,74,1.52,73,1.83,71,2.97,72,1.37,71,2.55,0.00
F,65,Enes Ünal,5.4,5.4,Bournemouth,0,0.00,0,0.00,0,0.00,0,0.00,0,0.00,0,0.00,0,0.00,0,0.00,0,0.00,0.00
M,66,Faivre,5.0,5.0,Bournemouth,0,0.00,0,0.00,0,0.00,0,0.00,0,0.00,0,0.00,0,0.00,0,0.00,0,0.00,0.00
M,67,H.Traorè,4.5,4.5,Bournemouth,0,0.00,0,0.00,0,0.00,0,0.00,0,0.00,0,0.00,0,0.00,0,0.00,0,0.00,0.00
D,68,Hill,3.9,3.9,Bournemouth,30,1.46,22,0.91,10,0.40,10,0.48,11,0.30,12,0.41,13,0.71,12,0.27,14,0.65,0.00
F,69,Jebbison,4.5,4.5,Bournemouth,0,0.00,1,0.11,2,0.16,2,0.21,2,0.12,2,0.17,2,0.26,2,0.12,3,0.24,0.00
D,70,Kerkez,5.2,5.2,Bournemouth,89,4.25,86,3.15,84,3.32,83,3.41,83,2.08,81,1.91,81,3.85,82,1.27,81,4.04,0.08
M,71,Kluivert,6.2,6.2,Bournemouth,64,4.63,75,4.20,74,4.50,72,4.83,68,2.75,69,2.83,69,5.70,68,2.35,67,5.01,0.72
D,72,Mepham,4.4,4.4,Bournemouth,0,0.00,0,0.00,0,0.00,0,0.00,0,0.00,0,0.00,0,0.00,0,0.00,0,0.00,0.00
G,73,Neto,4.1,4.1,Arsenal,1,0.06,1,0.06,2,0.11,3,0.20,4,0.10,0,0.00,5,0.20,4,0.18,5,0.22,0.00
M,74,O.Dango,5.1,5.1,Bournemouth,30,2.27,33,2.05,35,2.23,37,2.64,34,1.44,35,1.60,36,3.11,35,1.36,36,2.81,0.41
G,75,Paulsen,4.0,4.0,Bournemouth,0,0.00,0,0.00,0,0.00,0,0.00,0,0.00,0,0.00,0,0.00,0,0.00,0,0.00,0.00
M,76,Philip,4.8,4.8,Bournemouth,0,0.00,0,0.00,0,0.00,0,0.00,0,0.00,0,0.00,0,0.00,0,0.00,0,0.00,0.00
M,77,Scott,4.7,4.7,Bournemouth,41,1.87,36,1.49,41,1.68,39,1.90,34,0.96,36,1.27,37,2.09,38,1.00,38,1.79,0.00
M,78,Semenyo,5.7,5.7,Bournemouth,85,5.21,70,3.46,58,3.04,62,3.66,79,2.72,78,2.71,76,5.36,78,2.31,76,4.84,0.56
D,79,Senesi,4.6,4.6,Bournemouth,20,0.94,28,1.06,40,1.60,41,1.74,44,1.12,40,1.02,40,1.94,42,0.70,43,2.12,0.00
M,80,Sinisterra,4.8,4.8,Bournemouth,13,0.90,19,1.17,25,1.54,25,1.79,22,0.90,22,1.02,23,1.95,23,0.87,23,1.66,0.00
D,81,Smith,4.4,4.4,Bournemouth,34,1.62,46,1.72,65,2.59,64,2.67,62,1.58,60,1.55,58,2.83,60,1.01,58,2.84,0.00
F,82,Solanke,7.3,7.3,Spurs,87,3.89,83,5.85,80,3.95,80,4.22,77,3.14,77,3.87,76,5.15,76,2.54,75,4.00,0.00
M,83,Tavernier,5.4,5.4,Bournemouth,65,4.08,64,3.25,63,3.33,62,3.80,58,2.03,59,2.27,58,4.23,58,1.83,59,3.77,0.00
G,84,Travers,4.4,4.4,Bournemouth,0,0.00,0,0.00,0,0.00,0,0.00,0,0.00,0,0.00,0,0.00,0,0.00,0,0.00,0.00
D,85,Zabarnyi,4.4,4.4,Bournemouth,89,3.79,85,2.86,82,2.95,80,2.98,78,1.76,80,1.77,78,3.32,77,1.07,77,3.42,0.00
D,86,Ajer,4.4,4.4,Brentford,32,0.90,30,0.95,23,0.59,20,0.71,20,0.39,22,0.91,22,1.23,23,0.74,23,0.84,0.00
M,87,Brierley,4.4,4.4,Brentford,0,0.00,0,0.00,0,0.00,0,0.00,0,0.00,0,0.00,0,0.00,0,0.00,0,0.00,0.00
D,88,Collins,4.5,4.5,Brentford,89,1.89,82,2.15,79,1.48,80,2.37,78,1.25,78,2.79,76,3.60,75,2.12,76,2.38,0.00
M,89,Damsgaard,5.1,5.1,Brentford,73,2.70,71,2.81,70,2.20,70,2.94,66,1.52,68,3.17,67,4.14,67,2.45,68,2.76,0.00
M,90,Dasilva,4.8,4.8,Brentford,3,0.15,5,0.29,7,0.34,11,0.61,11,0.35,12,0.70,12,0.94,12,0.54,11,0.54,0.00
G,91,Flekken,4.4,4.4,Brentford,94,3.28,92,3.23,92,3.13,92,3.39,92,1.99,91,3.72,91,5.02,91,2.90,90,3.33,0.15
D,92,Henry,4.3,4.3,Brentford,7,0.21,12,0.39,18,0.48,18,0.65,20,0.41,19,0.79,22,1.21,23,0.75,20,0.73,0.00
D,93,Hickey,4.3,4.3,Brentford,5,0.16,27,0.79,49,1.06,58,1.86,59,1.02,59,2.22,59,2.95,57,1.72,58,1.91,0.00
M,94,Janelt,4.9,4.9,Brentford,71,2.17,67,2.17,66,1.86,64,2.22,63,1.23,64,2.51,62,3.18,62,1.86,62,2.09,0.00
M,95,Jensen,5.3,5.3,Brentford,20,0.81,33,1.31,48,1.61,48,2.02,50,1.16,49,2.28,50,3.05,52,1.81,49,1.95,0.00
D,96,Ji-soo,3.9,3.9,Brentford,2,0.03,2,0.05,2,0.05,2,0.06,3,0.04,4,0.10,3,0.11,4,0.08,3,0.08,0.00
M,97,Konak,4.4,4.4,Brentford,5,0.24,5,0.23,3,0.13,3,0.17,3,0.11,5,0.25,4,0.30,5,0.19,4,0.21,0.00
M,98,Lewis-Potter,5.0,5.0,Brentford,79,2.61,74,2.62,71,2.18,71,2.78,70,1.52,69,2.99,68,3.95,69,2.35,68,2.63,0.00
M,99,Mbeumo,8.1,7.9,Brentford,90,4.81,87,5.13,87,3.59,83,5.39,83,2.79,83,5.98,81,7.59,82,4.64,81,4.81,0.71
D,100,Mee,4.2,4.2,Brentford,5,0.11,7,0.18,5,0.12,6,0.17,8,0.13,7,0.25,9,0.43,8,0.23,8,0.24,0.00
M,101,Nørgaard,4.8,4.8,Brentford,83,2.41,80,2.47,77,2.03,73,2.43,74,1.39,71,2.67,73,3.52,70,2.03,70,2.28,0.00
M,102,Onyeka,4.9,4.9,Brentford,0,0.00,0,0.00,0,0.00,0,0.00,0,0.00,0,0.00,0,0.00,0,0.00,0,0.00,0.00
M,103,Peart-Harris,4.5,4.5,Brentford,0,0.00,0,0.00,0,0.00,0,0.00,0,0.00,0,0.00,0,0.00,0,0.00,0,0.00,0.00
D,104,Pinnock,4.4,4.4,Brentford,85,1.89,80,2.18,77,1.52,73,2.28,74,1.25,72,2.68,71,3.55,71,2.09,72,2.33,0.00
D,105,Roerslev,4.3,4.3,Brentford,0,0.00,0,0.00,0,0.00,0,0.00,0,0.00,0,0.00,0,0.00,0,0.00,0,0.00,0.00
M,106,Schade,5.1,5.1,Brentford,75,3.33,72,3.46,69,2.52,66,3.42,64,1.80,67,3.90,65,4.96,67,2.96,64,3.28,0.00
F,107,Thiago,5.9,5.9,Brentford,0,0.00,0,0.00,0,0.00,0,0.00,0,0.00,0,0.00,0,0.00,0,0.00,0,0.00,0.00
F,108,Toney,7.3,7.3,Brentford,0,0.00,0,0.00,0,0.00,0,0.00,0,0.00,0,0.00,0,0.00,0,0.00,0,0.00,0.00
G,109,Valdimarsson,3.9,3.9,Brentford,1,0.04,3,0.10,3,0.09,3,0.12,3,0.07,4,0.15,4,0.21,4,0.13,5,0.18,0.24
F,110,Wissa,6.5,6.5,Brentford,91,4.01,88,4.31,86,3.06,83,4.43,83,2.37,82,4.87,82,6.31,81,3.75,81,4.08,0.18
M,111,Yarmoliuk,4.4,4.4,Brentford,31,1.23,31,1.26,26,0.96,29,1.29,29,0.71,30,1.43,30,1.86,30,1.10,30,1.26,0.00
D,112,Zanka,4.5,4.5,Brentford,0,0.00,0,0.00,0,0.00,0,0.00,0,0.00,0,0.00,0,0.00,0,0.00,0,0.00,0.00
M,113,Adingra,5.1,5.1,Brighton,13,0.79,14,0.78,16,1.08,18,1.48,20,0.50,19,1.18,20,1.50,21,0.93,22,1.25,0.00
M,114,Baker-Boaitey,4.5,4.5,Brighton,0,0.00,0,0.00,0,0.00,0,0.00,0,0.00,0,0.00,0,0.00,0,0.00,0,0.00,0.00
M,115,Baleba,5.0,5.0,Brighton,85,2.74,84,2.45,81,3.01,79,3.46,78,1.06,78,2.53,77,3.13,77,1.88,78,2.40,0.00
D,116,Barco,4.0,4.0,Brighton,0,0.00,0,0.00,0,0.00,0,0.00,0,0.00,0,0.00,0,0.00,0,0.00,0,0.00,0.00
M,117,Buonanotte,4.6,4.6,Leicester,35,1.42,37,1.59,0,0.00,36,1.42,35,1.53,36,1.90,36,1.47,37,1.82,36,1.45,0.00
M,118,Cozier-Duberry,4.5,4.5,Brighton,0,0.00,0,0.00,0,0.00,0,0.00,0,0.00,0,0.00,0,0.00,0,0.00,0,0.00,0.00
M,119,Dahoud,4.9,4.9,Brighton,0,0.00,0,0.00,0,0.00,0,0.00,0,0.00,0,0.00,0,0.00,0,0.00,0,0.00,0.00
D,120,Dunk,4.2,4.2,Brighton,35,1.45,55,2.02,77,4.11,75,3.84,74,1.36,73,2.81,73,3.77,71,1.84,73,2.40,0.13
M,121,Enciso,5.4,5.4,Ipswich,68,2.56,66,3.08,63,2.32,61,2.18,60,2.20,61,2.38,59,2.70,58,2.62,58,2.62,0.00
D,122,Estupiñan,4.9,4.9,Brighton,86,3.69,81,3.14,74,4.29,74,4.13,72,1.45,73,3.01,71,3.90,71,2.00,67,2.44,0.00
F,123,Ferguson,5.5,5.5,West Ham,25,1.33,23,1.25,19,0.90,15,1.38,0,0.00,20,1.26,19,1.21,24,1.16,25,1.37,0.00
M,124,Gilmour,5.0,5.0,Brighton,0,0.00,0,0.00,0,0.00,0,0.00,0,0.00,0,0.00,0,0.00,0,0.00,0,0.00,0.00
M,125,Gross,6.5,6.5,Brighton,0,0.00,0,0.00,0,0.00,0,0.00,0,0.00,0,0.00,0,0.00,0,0.00,0,0.00,0.00
M,126,Hinshelwood,4.9,4.9,Brighton,55,2.10,48,1.77,44,1.95,43,2.35,43,0.71,45,1.80,45,2.25,44,1.31,43,1.63,0.00
M,127,I.Osman,5.0,5.0,Brighton,0,0.00,0,0.00,0,0.00,0,0.00,0,0.00,0,0.00,0,0.00,0,0.00,0,0.00,0.00
D,128,Igor,4.3,4.3,Brighton,0,0.00,0,0.00,0,0.00,0,0.00,0,0.00,0,0.00,0,0.00,0,0.00,0,0.00,0.00
F,129,João Pedro,5.6,5.5,Brighton,64,4.05,62,3.32,63,4.63,62,5.27,61,1.62,60,3.79,61,4.61,59,2.66,60,3.66,0.49
M,130,Kozlowski,4.5,4.5,Brighton,0,0.00,0,0.00,0,0.00,0,0.00,0,0.00,0,0.00,0,0.00,0,0.00,0,0.00,0.00
D,131,Lamptey,4.4,4.4,Brighton,34,1.49,38,1.53,35,1.96,35,2.08,37,0.73,36,1.57,36,2.01,37,1.11,35,1.36,0.00
M,132,March,6.5,6.5,Brighton,8,0.57,9,0.54,9,0.67,10,0.91,11,0.29,11,0.71,11,0.81,11,0.51,11,0.68,0.00
M,133,Mazilu,4.5,4.5,Brighton,0,0.00,0,0.00,0,0.00,0,0.00,0,0.00,0,0.00,0,0.00,0,0.00,0,0.00,0.00
M,134,Milner,5.0,5.0,Brighton,0,0.00,0,0.00,0,0.00,0,0.00,0,0.00,3,0.18,7,0.48,9,0.35,8,0.40,0.00
M,135,Minteh,5.0,5.0,Brighton,70,3.81,68,3.16,68,4.37,64,4.70,63,1.44,63,3.38,64,4.25,61,2.31,61,3.19,0.01
M,136,Mitoma,6.5,6.5,Brighton,79,4.17,77,3.46,73,4.66,72,5.20,71,1.58,69,3.65,68,4.51,67,2.56,66,3.45,0.00
M,137,Moder,4.4,4.4,Brighton,0,0.00,0,0.00,0,0.00,0,0.00,0,0.00,0,0.00,0,0.00,0,0.00,0,0.00,0.00
F,138,O’Mahony,4.5,4.5,Brighton,0,0.00,0,0.00,0,0.00,0,0.00,0,0.00,0,0.00,0,0.00,0,0.00,0,0.00,0.00
D,139,Offiah,4.0,4.0,Brighton,0,0.00,0,0.00,0,0.00,0,0.00,0,0.00,0,0.00,0,0.00,0,0.00,0,0.00,0.00
M,140,Peupion,4.4,4.4,Brighton,0,0.00,0,0.00,0,0.00,0,0.00,0,0.00,0,0.00,0,0.00,0,0.00,0,0.00,0.00
M,141,Sarmiento,4.9,4.9,Brighton,0,0.00,0,0.00,0,0.00,0,0.00,0,0.00,0,0.00,0,0.00,0,0.00,0,0.00,0.00
G,142,Steele,4.1,4.1,Brighton,1,0.05,1,0.05,3,0.14,3,0.18,3,0.06,4,0.15,3,0.17,4,0.14,3,0.13,0.00
F,143,Undav,5.5,5.5,Brighton,0,0.00,0,0.00,0,0.00,0,0.00,0,0.00,0,0.00,0,0.00,0,0.00,0,0.00,0.00
D,144,Van Hecke,4.5,4.5,Brighton,91,3.26,87,2.84,86,4.10,86,3.90,83,1.39,83,2.90,82,3.83,81,1.87,81,2.40,0.01
D,145,Veltman,4.3,4.3,Brighton,32,1.25,48,1.66,66,3.30,64,3.11,64,1.10,63,2.36,62,3.06,61,1.49,60,1.89,0.00
G,146,Verbruggen,4.5,4.5,Brighton,93,3.56,93,3.55,92,3.97,92,4.78,91,1.48,91,3.52,91,4.61,90,2.64,91,3.25,0.04
D,147,Webster,4.3,4.3,Brighton,62,2.40,49,1.79,31,1.49,33,1.70,36,0.63,34,1.33,35,1.79,38,1.01,37,1.23,0.00
F,148,Welbeck,5.5,5.5,Brighton,52,3.19,53,2.76,49,3.51,51,4.24,50,1.27,51,3.08,51,3.69,50,2.13,51,3.01,0.04
M,149,Wieffer,4.7,4.7,Brighton,7,0.35,7,0.31,7,0.37,8,0.52,10,0.18,11,0.51,10,0.57,9,0.34,11,0.47,0.00
M,150,Andrey Santos,4.5,4.5,Chelsea,0,0.00,0,0.00,0,0.00,0,0.00,0,0.00,0,0.00,0,0.00,0,0.00,0,0.00,0.00
M,151,Ângelo,4.5,4.5,Chelsea,0,0.00,0,0.00,0,0.00,0,0.00,0,0.00,0,0.00,0,0.00,0,0.00,0,0.00,0.00
G,152,Arrizabalaga,4.6,4.6,Bournemouth,94,3.90,92,3.55,92,3.55,92,4.20,92,2.29,92,3.14,92,4.69,92,2.25,92,3.96,0.02
D,153,B.Badiashile,4.2,4.2,Chelsea,17,0.61,21,0.71,24,1.09,24,0.84,25,1.11,28,0.86,26,0.92,28,1.00,30,1.07,0.00
G,154,Bergström,3.9,3.9,Chelsea,0,0.00,0,0.00,0,0.00,0,0.00,0,0.00,0,0.00,0,0.00,0,0.00,0,0.00,0.00
G,155,Bettinelli,3.9,3.9,Chelsea,0,0.00,0,0.00,0,0.00,0,0.00,0,0.00,0,0.00,0,0.00,0,0.00,0,0.00,0.00
F,156,Broja,5.3,5.3,Everton,19,0.92,20,1.02,15,0.76,16,0.84,0,0.00,17,1.04,17,0.87,16,1.06,16,0.79,0.00
M,157,Caicedo,4.9,4.9,Chelsea,83,2.44,61,1.68,45,1.47,56,1.51,67,2.00,77,1.97,75,2.17,76,1.88,75,2.00,0.00
M,158,Casadei,4.4,4.4,Chelsea,0,0.00,0,0.00,0,0.00,0,0.00,0,0.00,0,0.00,0,0.00,0,0.00,0,0.00,0.00
D,159,Chalobah,4.4,4.4,Chelsea,8,0.26,12,0.40,14,0.63,15,0.52,15,0.64,16,0.48,17,0.58,18,0.62,16,0.56,0.00
D,160,Chilwell,4.6,4.6,Crystal Palace,30,1.64,29,1.24,29,1.97,31,1.79,31,0.59,32,1.53,32,1.51,31,1.46,33,1.00,0.00
M,161,Chukwuemeka,4.7,4.7,Chelsea,0,0.00,0,0.00,0,0.00,0,0.00,0,0.00,0,0.00,0,0.00,0,0.00,0,0.00,0.00
D,162,Colwill,4.4,4.4,Chelsea,86,3.08,83,2.57,81,3.77,79,2.56,77,3.32,76,2.12,77,2.40,75,2.48,74,2.39,0.36
D,163,Cucurella,5.2,5.2,Chelsea,88,3.34,84,2.81,82,4.09,81,2.74,79,3.59,78,2.29,79,2.58,77,2.73,77,2.62,0.01
F,164,D.D.Fofana,5.4,5.4,Chelsea,0,0.00,0,0.00,0,0.00,0,0.00,0,0.00,0,0.00,0,0.00,0,0.00,0,0.00,0.00
F,165,Deivid,4.9,4.9,Chelsea,0,0.00,0,0.00,0,0.00,0,0.00,0,0.00,0,0.00,0,0.00,0,0.00,0,0.00,0.00
M,166,Dewsbury-Hall,5.5,5.5,Chelsea,14,0.81,14,0.68,12,0.62,11,0.50,12,0.59,10,0.46,11,0.54,16,0.69,11,0.49,0.00
D,167,Disasi,4.2,4.2,Aston Villa,41,1.16,39,1.45,37,1.60,38,1.91,39,0.08,41,1.52,41,1.73,40,0.99,41,1.28,0.01
M,168,Enzo,4.7,4.7,Chelsea,90,4.14,88,3.45,86,3.96,86,2.97,85,3.42,84,2.88,83,3.21,84,3.00,82,2.92,0.01
M,169,Gallagher,5.9,5.9,Chelsea,0,0.00,0,0.00,0,0.00,0,0.00,0,0.00,0,0.00,0,0.00,0,0.00,0,0.00,0.00
D,170,Gilchrist,4.0,4.0,Chelsea,0,0.00,0,0.00,0,0.00,0,0.00,0,0.00,0,0.00,0,0.00,0,0.00,0,0.00,0.00
D,171,Gusto,4.9,4.9,Chelsea,43,1.82,48,1.79,50,2.60,49,1.87,47,2.25,48,1.61,48,1.79,49,1.89,47,1.78,0.00
D,172,James,4.8,4.8,Chelsea,63,3.30,57,2.61,58,3.64,55,2.43,55,3.09,53,2.14,52,2.33,52,2.45,51,2.31,0.00
M,173,Kellyman,4.3,4.3,Chelsea,0,0.00,0,0.00,0,0.00,0,0.00,0,0.00,0,0.00,0,0.02,1,0.10,0,0.00,0.00
M,174,Lavia,4.5,4.5,Chelsea,26,1.04,37,1.28,41,1.52,36,1.22,32,1.17,28,0.99,31,1.17,35,1.09,32,1.11,0.00
F,175,Lukaku,6.3,6.3,Chelsea,0,0.00,0,0.00,0,0.00,0,0.00,0,0.00,0,0.00,0,0.00,0,0.00,0,0.00,0.00
D,176,M.Sarr,4.5,4.5,Chelsea,0,0.00,0,0.00,0,0.00,0,0.00,0,0.00,0,0.00,0,0.00,0,0.00,0,0.00,0.00
M,177,Madueke,6.0,6.0,Chelsea,30,1.96,40,2.31,56,3.74,56,2.81,56,3.17,54,2.62,56,3.08,62,3.04,55,2.77,0.00
F,178,Marc Guiu,4.7,4.7,Chelsea,10,0.69,11,0.65,7,0.56,7,0.46,8,0.51,8,0.48,9,0.59,14,0.73,6,0.41,0.00
M,179,Mudryk,6.1,6.1,Chelsea,0,0.00,0,0.00,0,0.00,0,0.00,0,0.00,0,0.00,0,0.00,0,0.00,13,0.69,0.00
F,180,N.Jackson,7.7,7.7,Chelsea,22,1.52,36,2.10,66,4.41,73,3.58,70,3.95,69,3.35,68,3.71,71,3.50,67,3.41,0.00
M,181,Nkunku,5.7,5.7,Chelsea,63,4.71,51,3.19,40,3.03,39,2.19,39,2.52,39,2.15,40,2.50,53,2.94,38,2.20,0.09
M,182,Palmer,10.9,10.8,Chelsea,54,4.52,75,5.27,84,7.32,82,5.01,82,5.97,81,4.93,82,5.45,80,5.21,81,4.98,0.81
G,183,Petrović,4.4,4.4,Chelsea,0,0.00,0,0.00,0,0.00,0,0.00,0,0.00,0,0.00,0,0.00,0,0.00,0,0.00,0.00
M,184,Renato Veiga,4.4,4.4,Chelsea,0,0.00,0,0.00,0,0.00,0,0.00,0,0.00,0,0.00,0,0.00,0,0.00,0,0.00,0.00
G,185,Sánchez,4.5,4.5,Chelsea,76,2.79,74,2.70,73,3.10,73,2.74,69,2.85,70,2.42,68,2.67,69,2.31,67,2.49,0.00
M,186,Sterling,6.7,6.7,Arsenal,14,0.97,14,0.91,11,0.83,11,1.08,11,0.45,11,0.74,10,0.61,13,0.83,15,1.10,0.00
D,187,Tosin,4.2,4.2,Chelsea,5,0.19,7,0.24,9,0.38,10,0.32,12,0.47,12,0.37,12,0.40,13,0.41,13,0.41,0.00
M,188,Ugochukwu,4.4,4.4,Southampton,69,1.94,68,1.84,65,1.85,62,2.45,62,0.71,60,1.87,60,1.90,60,1.67,60,1.57,0.00
D,189,W.Fofana,4.3,4.3,Chelsea,80,2.87,76,2.39,72,3.38,72,2.40,69,2.98,67,1.95,68,2.22,67,2.29,67,2.26,0.00
M,190,Ahamada,4.5,4.5,Crystal Palace,0,0.00,0,0.00,0,0.00,0,0.00,0,0.00,0,0.00,0,0.00,0,0.00,0,0.00,0.00
D,191,Andersen,4.2,4.2,Fulham,91,1.94,89,2.01,86,2.31,86,4.03,85,1.42,86,2.57,86,4.36,85,1.95,85,2.17,0.18
M,192,J.Ayew,5.1,5.1,Leicester,54,2.07,53,2.32,60,2.30,50,2.04,50,2.17,52,2.91,53,2.13,51,2.71,52,2.08,0.00
M,193,C.Doucouré,4.9,4.9,Crystal Palace,0,0.00,0,0.00,0,0.00,0,0.00,0,0.00,0,0.00,0,0.00,0,0.00,0,0.00,0.00
D,194,C.Richards,4.4,4.4,Crystal Palace,86,3.47,85,2.69,82,3.65,80,3.21,81,1.09,78,2.79,78,2.56,78,2.79,79,1.57,0.00
D,195,Chadi Riad,4.3,4.3,Crystal Palace,0,0.00,0,0.00,0,0.00,0,0.00,0,0.00,0,0.00,0,0.00,0,0.00,0,0.00,0.00
D,196,Clyne,4.3,4.3,Crystal Palace,21,0.86,25,0.90,29,1.63,35,1.61,35,0.58,37,1.45,37,1.39,39,1.46,40,0.99,0.00
M,197,Ebiowei,4.5,4.5,Crystal Palace,0,0.00,0,0.00,0,0.00,0,0.00,0,0.00,0,0.00,0,0.00,0,0.00,0,0.00,0.00
F,198,Edouard,5.1,5.1,Leicester,2,0.12,2,0.17,5,0.31,4,0.24,5,0.36,5,0.39,6,0.38,6,0.45,6,0.36,0.00
M,199,Eze,6.7,6.7,Crystal Palace,84,5.56,81,4.39,79,7.37,78,5.53,77,1.80,75,4.25,75,4.73,75,4.10,75,3.14,0.03
D,200,Guéhi,4.7,4.7,Crystal Palace,93,3.85,91,2.97,88,3.91,87,3.57,86,1.16,87,3.17,86,2.88,85,3.15,84,1.69,0.00
G,201,Henderson,4.6,4.6,Crystal Palace,94,3.82,93,3.44,92,6.32,91,4.42,91,1.83,90,3.43,90,3.69,91,3.28,90,3.01,0.11
D,202,Holding,4.2,4.2,Crystal Palace,0,0.00,0,0.00,0,0.00,0,0.00,0,0.00,0,0.00,0,0.00,0,0.00,0,0.00,0.00
M,203,Hughes,4.9,4.9,Crystal Palace,0,0.00,60,1.89,59,3.39,59,2.46,59,0.96,58,1.89,56,2.03,59,1.78,58,1.58,0.00
G,204,Johnstone,4.2,4.2,Wolves,1,0.06,2,0.07,3,0.10,2,0.08,4,0.17,3,0.11,4,0.17,3,0.10,4,0.14,0.00
M,205,Kamada,5.1,5.1,Crystal Palace,40,2.16,25,1.24,26,2.33,25,1.69,28,0.69,28,1.44,30,1.71,29,1.38,29,1.23,0.00
M,206,Lerma,4.8,4.8,Crystal Palace,68,2.52,43,1.50,46,2.96,46,2.16,47,0.85,49,1.73,51,1.97,50,1.61,48,1.46,0.00
F,207,Mateta,7.5,7.5,Crystal Palace,43,2.69,59,3.05,82,7.51,81,5.53,78,1.75,78,4.30,77,4.71,77,4.00,77,3.22,0.01
M,208,M.França,4.4,4.4,Crystal Palace,5,0.39,3,0.25,3,0.39,4,0.39,5,0.17,5,0.35,5,0.41,6,0.40,6,0.36,0.00
G,209,Matthews,3.9,3.9,Crystal Palace,0,0.00,0,0.00,0,0.00,0,0.00,0,0.00,5,0.19,0,0.00,0,0.00,0,0.00,0.00
D,210,Mitchell,4.8,4.8,Crystal Palace,70,3.20,69,2.48,68,3.54,67,3.15,68,1.06,67,2.75,68,2.62,70,2.82,68,1.61,0.00
D,211,Muñoz,5.0,5.0,Crystal Palace,89,4.41,87,3.30,84,4.50,82,4.05,82,1.23,81,3.50,81,3.29,80,3.45,80,1.89,0.32
M,212,Ozoh,4.5,4.5,Crystal Palace,0,0.00,0,0.00,0,0.00,0,0.00,0,0.00,0,0.00,0,0.00,0,0.00,0,0.00,0.00
M,213,Rak-Sakyi,4.5,4.5,Crystal Palace,0,0.00,0,0.00,0,0.00,0,0.00,0,0.00,0,0.00,0,0.00,0,0.00,0,0.00,0.00
M,214,Schlupp,4.6,4.6,Crystal Palace,0,0.00,0,0.00,0,0.00,0,0.00,0,0.00,0,0.00,0,0.00,0,0.00,0,0.00,0.00
D,215,Ward,4.3,4.3,Crystal Palace,0,0.00,0,0.00,0,0.00,0,0.00,0,0.00,0,0.00,0,0.00,0,0.00,0,0.00,0.00
M,216,Wharton,4.7,4.7,Crystal Palace,76,2.79,73,2.38,70,4.18,70,3.08,68,1.13,67,2.27,66,2.53,64,2.09,66,1.90,0.00
M,217,A.Doucoure,5.1,5.1,Everton,77,2.45,73,2.54,62,2.25,63,2.32,62,2.15,62,2.77,62,2.20,63,3.00,61,2.09,0.00
F,218,Beto,5.1,5.1,Everton,72,2.93,61,2.77,49,2.23,49,2.41,52,2.27,47,2.84,47,2.17,46,3.08,47,2.12,0.20
D,219,Branthwaite,4.8,4.8,Everton,91,1.63,88,2.22,87,2.51,85,2.09,84,1.92,84,3.59,83,2.40,83,3.79,82,1.92,0.00
F,220,Calvert-Lewin,5.4,5.4,Everton,14,0.68,24,1.22,44,2.19,42,2.21,48,2.26,41,2.66,41,2.01,41,2.86,40,1.96,0.00
D,221,Coleman,4.3,4.3,Everton,3,0.10,6,0.19,6,0.22,7,0.25,9,0.28,9,0.40,10,0.36,10,0.46,11,0.34,0.00
M,222,Gana,4.8,4.8,Everton,84,2.03,81,2.11,77,2.07,76,2.04,74,1.90,73,2.30,74,2.02,73,2.39,72,1.87,0.00
M,223,Garner,4.9,4.9,Everton,77,2.07,72,2.11,66,2.04,65,2.01,64,1.87,64,2.33,64,1.96,63,2.46,65,1.93,0.00
M,224,Harrison,5.2,5.2,Everton,59,2.18,50,2.06,31,1.44,32,1.50,35,1.53,34,1.86,32,1.48,35,2.05,34,1.47,0.00
D,225,Holgate,4.0,4.0,Everton,0,0.00,0,0.00,0,0.00,0,0.00,0,0.00,0,0.00,0,0.00,0,0.00,0,0.00,0.00
M,226,Iroegbunam,4.3,4.3,Everton,16,0.56,18,0.64,12,0.47,14,0.53,16,0.60,17,0.68,17,0.65,17,0.69,17,0.61,0.00
G,227,J.Virginia,3.9,3.9,Everton,1,0.04,2,0.07,3,0.10,3,0.11,3,0.10,3,0.13,3,0.11,3,0.11,3,0.09,0.01
D,228,Keane,3.9,3.9,Everton,6,0.15,10,0.28,12,0.36,13,0.35,14,0.36,14,0.60,15,0.47,15,0.69,15,0.40,0.00
F,229,Maupay,4.9,4.9,Everton,0,0.00,0,0.00,0,0.00,0,0.00,0,0.00,0,0.00,0,0.00,0,0.00,0,0.00,0.00
M,230,McNeil,5.1,5.1,Everton,13,0.51,31,1.25,74,2.86,73,2.91,73,2.67,73,3.59,71,2.72,70,3.64,73,2.64,0.00
D,231,Mykolenko,4.4,4.3,Everton,89,1.73,86,2.31,84,2.55,83,2.21,81,2.02,83,3.70,81,2.47,81,3.88,80,2.00,0.45
F,232,Ndiaye,5.2,5.2,Everton,23,0.94,37,1.56,69,2.74,68,2.81,68,2.61,68,3.40,69,2.65,68,3.62,68,2.60,0.05
M,233,Onana,4.8,4.8,Aston Villa,36,1.33,34,1.32,35,1.47,36,2.39,37,0.11,35,1.34,37,1.94,37,1.04,39,1.41,0.00
D,234,Patterson,4.4,4.4,Everton,6,0.18,10,0.31,10,0.34,11,0.36,13,0.40,12,0.51,12,0.42,14,0.62,15,0.45,0.00
G,235,Pickford,5.1,5.1,Everton,94,3.11,93,3.15,92,3.35,91,3.11,91,3.08,92,3.87,92,3.38,92,3.98,92,3.14,0.47
D,236,Tarkowski,4.9,4.9,Everton,92,1.62,90,2.26,89,2.57,88,2.20,87,2.03,87,3.80,87,2.53,87,4.02,86,2.03,0.02
F,237,Y. Chermiti,4.9,4.9,Everton,1,0.08,1,0.11,0,0.00,0,0.00,2,0.15,0,0.00,0,0.00,0,0.00,0,0.00,0.00
D,238,Young,4.4,4.4,Everton,13,0.38,13,0.44,11,0.39,12,0.41,16,0.48,15,0.67,15,0.53,17,0.81,16,0.51,0.00
M,239,Adama,4.6,4.6,Fulham,67,2.38,61,2.58,53,2.40,48,3.40,47,1.02,48,2.36,48,3.18,48,1.94,43,2.03,0.00
M,240,Andreas,4.9,4.9,Fulham,53,1.95,33,1.56,33,1.61,34,2.54,34,0.79,33,1.76,33,2.38,33,1.46,32,1.59,0.00
D,241,Bassey,4.5,4.5,Fulham,90,1.92,87,1.84,85,2.17,84,3.86,83,1.32,83,2.41,81,3.98,81,1.81,80,1.98,0.00
G,242,Benda,3.9,3.9,Fulham,1,0.04,2,0.07,3,0.10,3,0.14,3,0.04,3,0.11,4,0.20,5,0.14,4,0.16,0.01
M,243,Cairney,4.8,4.8,Fulham,14,0.59,8,0.42,9,0.44,9,0.67,10,0.21,9,0.48,10,0.66,11,0.42,10,0.47,0.00
D,244,Castagne,4.2,4.2,Fulham,86,1.99,80,1.99,70,2.07,69,3.51,69,1.22,68,2.21,67,3.63,68,1.73,68,1.94,0.25
D,245,Diop,4.4,4.4,Fulham,32,0.82,34,0.88,35,1.01,35,1.78,39,0.65,37,1.20,37,1.93,41,1.00,38,1.07,0.00
M,246,Harris,4.5,4.5,Fulham,0,0.00,0,0.00,0,0.00,0,0.00,0,0.00,0,0.00,0,0.00,0,0.00,0,0.00,0.00
M,247,Iwobi,5.6,5.6,Fulham,84,2.70,82,3.13,76,3.05,74,4.63,74,1.45,74,3.24,74,4.42,74,2.63,74,3.08,0.00
G,248,Leno,5.0,5.0,Fulham,94,3.23,93,3.13,92,3.38,92,4.98,92,1.54,92,3.52,91,4.86,90,2.75,90,3.12,0.00
M,249,Lukić,4.8,4.8,Fulham,33,1.09,80,2.35,77,2.34,76,3.58,75,1.11,75,2.46,74,3.35,74,2.00,75,2.35,0.00
D,250,Mbabu,4.0,4.0,Fulham,0,0.00,0,0.00,0,0.00,0,0.00,0,0.00,0,0.00,0,0.00,0,0.00,0,0.00,0.00
F,251,Muniz,5.5,5.5,Fulham,36,1.57,37,1.94,37,1.99,38,3.11,37,0.96,36,2.07,37,2.84,36,1.78,37,2.06,0.00
F,252,Raúl,5.5,5.5,Fulham,66,2.66,62,3.20,60,3.12,59,4.82,59,1.53,58,3.31,58,4.45,59,2.76,57,3.13,0.08
D,253,Ream,4.5,4.5,Fulham,0,0.00,0,0.00,0,0.00,0,0.00,0,0.00,0,0.00,0,0.00,0,0.00,0,0.00,0.00
M,254,Reed,4.7,4.7,Fulham,7,0.35,6,0.30,6,0.33,7,0.49,6,0.14,8,0.39,8,0.48,7,0.29,7,0.36,0.00
D,255,Robinson,5.0,5.0,Fulham,91,1.96,88,2.03,86,2.37,82,4.04,82,1.40,82,2.54,81,4.33,81,1.97,82,2.15,0.11
F,256,Stansfield,5.0,5.0,Fulham,0,0.00,0,0.00,0,0.00,0,0.00,0,0.00,0,0.00,0,0.00,0,0.00,0,0.00,0.00
D,257,Tete,4.4,4.4,Fulham,6,0.17,13,0.40,25,0.87,27,1.51,27,0.50,28,1.05,29,1.66,28,0.84,29,0.95,0.00
F,258,Vinicius,5.0,5.0,Fulham,3,0.20,4,0.31,5,0.37,4,0.48,4,0.14,5,0.38,5,0.50,5,0.31,5,0.38,0.00
M,259,Wilson,5.2,5.2,Fulham,0,0.00,1,0.06,26,1.34,41,3.26,45,1.10,44,2.42,44,3.20,42,1.93,40,2.12,0.00
F,260,Al-Hamadi,4.7,4.7,Ipswich,0,0.00,0,0.00,0,0.00,0,0.00,0,0.00,0,0.00,0,0.00,0,0.00,0,0.00,0.00
D,261,Baggott,4.0,4.0,Ipswich,0,0.00,0,0.00,0,0.00,0,0.00,0,0.00,0,0.00,0,0.00,0,0.00,0,0.00,0.00
M,262,Broadhead,4.9,4.9,Ipswich,18,0.87,20,1.19,18,0.87,18,0.85,18,0.86,18,0.91,19,1.06,18,0.98,18,0.99,0.00
D,263,Burgess,3.8,3.8,Ipswich,9,0.23,10,0.33,13,0.28,11,0.26,10,0.22,11,0.33,13,0.37,12,0.41,15,0.50,0.00
M,264,Burns,4.8,4.8,Ipswich,0,0.00,0,0.00,0,0.00,0,0.00,0,0.00,0,0.00,0,0.00,0,0.00,0,0.00,0.00
M,265,Chaplin,5.1,5.1,Ipswich,7,0.34,13,0.82,24,1.16,26,1.18,27,1.25,27,1.30,25,1.41,26,1.44,24,1.33,0.00
D,266,H.Clarke,4.0,4.0,Ipswich,0,0.00,0,0.00,0,0.00,0,0.00,0,0.00,0,0.00,0,0.00,0,0.00,0,0.00,0.00
D,267,Davis,4.3,4.3,Ipswich,90,2.10,87,3.23,85,1.78,83,2.02,83,1.77,82,2.56,80,2.60,81,3.14,83,3.21,0.01
F,268,Delap,5.6,5.6,Ipswich,85,3.56,67,3.70,54,2.22,58,2.21,68,2.75,77,3.21,76,3.91,75,3.75,75,3.69,0.00
D,269,Edmundson,4.0,4.0,Ipswich,0,0.00,0,0.00,0,0.00,0,0.00,0,0.00,0,0.00,0,0.00,0,0.00,0,0.00,0.00
D,270,Greaves,3.9,3.9,Ipswich,88,1.69,86,2.62,82,1.36,79,1.67,80,1.37,78,2.12,78,2.03,80,2.61,75,2.47,0.29
M,271,Harness,4.9,4.9,Ipswich,0,0.00,0,0.00,0,0.00,0,0.00,0,0.00,0,0.00,0,0.00,0,0.00,0,0.00,0.00
F,272,Hirst,5.4,5.4,Ipswich,12,0.69,27,1.71,34,1.59,30,1.34,23,1.19,18,0.98,18,1.14,20,1.18,17,1.05,0.00
M,273,Humphreys,4.5,4.5,Ipswich,0,0.00,0,0.00,0,0.00,0,0.00,0,0.00,0,0.00,0,0.00,0,0.00,0,0.00,0.00
M,274,Hutchinson,5.2,5.2,Ipswich,84,2.78,81,3.31,79,2.56,78,2.43,77,2.49,75,2.60,73,2.89,73,2.85,72,2.86,0.00
D,275,Johnson,3.9,3.9,Ipswich,51,1.13,51,1.70,39,0.86,30,0.81,29,0.69,30,0.96,32,1.05,30,1.16,31,1.18,0.00
F,276,Ladapo,4.5,4.5,Ipswich,0,0.00,0,0.00,0,0.00,0,0.00,0,0.00,0,0.00,0,0.00,0,0.00,0,0.00,0.00
M,277,Luongo,4.4,4.4,Ipswich,0,0.00,1,0.11,2,0.12,3,0.17,3,0.17,3,0.19,3,0.19,3,0.20,3,0.21,0.00
M,278,Morsy,4.8,4.8,Ipswich,38,1.01,44,1.26,41,1.03,43,1.07,45,1.11,47,1.21,45,1.26,47,1.32,46,1.27,0.00
D,279,Ndaba,4.0,4.0,Ipswich,0,0.00,0,0.00,0,0.00,0,0.00,0,0.00,0,0.00,0,0.00,0,0.00,0,0.00,0.00
G,280,Slicker,3.9,3.9,Ipswich,0,0.00,0,0.00,0,0.00,0,0.00,0,0.00,0,0.00,0,0.00,0,0.00,0,0.00,0.01
M,281,Taylor,4.8,4.8,Ipswich,9,0.36,11,0.48,12,0.47,13,0.51,14,0.55,13,0.55,16,0.69,14,0.60,13,0.58,0.00
D,282,Tuanzebe,3.9,3.9,Ipswich,0,0.00,0,0.00,36,0.65,66,1.43,71,1.25,70,1.92,69,1.77,68,2.19,67,2.20,0.00
G,283,Walton,4.3,4.3,Ipswich,3,0.10,4,0.14,4,0.14,6,0.21,6,0.21,8,0.27,7,0.24,7,0.28,8,0.29,0.00
D,284,Woolfenden,3.9,3.9,Ipswich,31,0.64,30,0.94,26,0.50,23,0.54,22,0.41,24,0.68,25,0.66,24,0.82,27,0.89,0.00
M,285,B.Soumaré,4.4,4.4,Leicester,75,1.73,72,1.79,68,1.63,62,1.48,65,1.67,70,2.01,70,1.70,67,1.91,67,1.61,0.00
F,286,Cannon,4.5,4.5,Leicester,0,0.00,0,0.00,0,0.00,0,0.00,0,0.00,0,0.00,0,0.00,0,0.00,0,0.00,0.00
M,287,Choudhury,4.4,4.4,Leicester,0,0.00,0,0.00,0,0.00,0,0.00,0,0.00,0,0.00,0,0.00,0,0.00,0,0.00,0.00
D,288,Coady,4.0,4.0,Leicester,16,0.22,18,0.40,23,0.44,23,0.43,26,0.69,29,1.08,27,0.61,27,0.97,26,0.52,0.00
F,289,Daka,4.8,4.8,Leicester,29,1.31,30,1.49,34,1.54,34,1.51,34,1.61,35,2.06,34,1.51,34,1.87,33,1.52,0.00
M,290,De Cordova-Reid,5.2,5.2,Leicester,47,1.74,47,1.96,52,1.97,46,1.76,44,1.84,45,2.32,45,1.77,46,2.19,45,1.78,0.00
D,291,Faes,3.9,3.9,Leicester,88,0.96,86,1.78,83,1.39,81,1.37,80,1.99,78,2.98,79,1.65,79,2.77,78,1.38,0.02
M,292,Golding,4.4,4.4,Leicester,0,0.00,0,0.00,0,0.00,0,0.00,0,0.00,0,0.00,0,0.00,0,0.00,0,0.00,0.00
G,293,Hermansen,4.4,4.4,Leicester,94,3.06,93,3.06,93,3.06,92,2.92,91,3.13,91,3.56,91,3.06,90,3.46,91,3.04,0.00
G,294,Iversen,3.9,3.9,Leicester,0,0.00,0,0.00,0,0.00,0,0.00,0,0.00,0,0.00,0,0.00,0,0.00,0,0.00,0.00
D,295,Justin,4.1,4.1,Leicester,73,1.04,70,1.75,64,1.36,64,1.35,61,1.80,65,2.80,61,1.53,61,2.45,60,1.31,0.00
D,296,Kristiansen,4.4,4.4,Leicester,91,1.14,88,1.98,84,1.60,83,1.57,81,2.22,81,3.39,79,1.79,80,3.06,80,1.56,0.00
M,297,Marcal,4.5,4.5,Leicester,0,0.00,0,0.00,0,0.00,0,0.00,0,0.00,0,0.00,0,0.00,0,0.00,0,0.00,0.00
M,298,Mavididi,5.0,5.0,Leicester,23,1.11,27,1.35,33,1.49,28,1.28,29,1.40,28,1.72,29,1.34,29,1.65,29,1.36,0.00
M,299,McAteer,4.7,4.7,Leicester,3,0.22,4,0.29,10,0.51,9,0.45,7,0.41,9,0.57,9,0.46,9,0.55,10,0.48,0.00
M,300,Ndidi,4.9,4.9,Leicester,82,2.10,78,2.25,76,2.07,74,2.04,73,2.12,73,2.58,71,2.00,71,2.38,71,1.97,0.00
D,301,Okoli,4.0,4.0,Leicester,15,0.22,16,0.38,19,0.40,21,0.43,22,0.61,23,0.88,23,0.57,25,0.89,26,0.55,0.00
D,302,Ricardo,4.1,4.1,Leicester,21,0.45,27,0.81,29,0.73,29,0.75,32,1.05,27,1.21,32,0.90,30,1.28,31,0.79,0.00
D,303,Souttar,4.0,4.0,Leicester,0,0.00,0,0.00,0,0.00,0,0.00,0,0.00,0,0.00,0,0.00,0,0.00,0,0.00,0.00
G,304,Stolarczyk,4.0,4.0,Leicester,1,0.05,2,0.08,2,0.08,3,0.09,4,0.13,4,0.16,4,0.13,4,0.15,4,0.13,0.00
D,305,Thomas,3.9,3.9,Leicester,14,0.28,16,0.44,19,0.47,20,0.46,20,0.60,20,0.80,23,0.60,20,0.78,22,0.53,0.00
F,306,Vardy,5.3,5.3,Leicester,84,3.30,80,3.66,80,3.28,77,3.15,77,3.35,76,4.56,74,3.13,75,4.12,76,3.18,0.01
D,307,Vestergaard,3.9,3.9,Leicester,71,0.96,67,1.60,65,1.29,65,1.27,62,1.76,61,2.52,61,1.45,60,2.34,60,1.24,0.00
G,308,Ward,3.9,3.9,Leicester,0,0.00,0,0.00,0,0.00,0,0.00,0,0.00,0,0.00,0,0.00,0,0.00,0,0.00,0.00
M,309,Winks,4.4,4.4,Leicester,33,1.05,38,1.26,41,1.25,42,1.28,42,1.32,39,1.44,40,1.23,39,1.40,40,1.22,0.00
G,310,A.Becker,5.6,5.6,Liverpool,94,4.29,90,3.69,88,3.95,85,3.82,85,3.50,85,3.25,84,3.90,83,2.71,82,3.53,0.12
D,311,Alexander-Arnold,7.4,7.4,Liverpool,0,0.00,0,0.00,0,0.00,31,2.03,54,3.25,68,3.07,67,3.67,67,2.61,67,3.94,0.30
M,312,Bajcetic,4.5,4.5,Liverpool,0,0.00,0,0.00,0,0.00,0,0.00,0,0.00,0,0.00,0,0.00,0,0.00,0,0.00,0.00
D,313,Bradley,4.7,4.7,Liverpool,34,1.92,52,2.38,78,4.29,56,3.15,39,1.99,28,1.12,29,1.36,28,0.99,28,1.41,0.00
M,314,Carvalho,4.5,4.5,Brentford,0,0.00,0,0.00,0,0.00,0,0.00,0,0.00,0,0.00,0,0.00,0,0.00,9,0.61,0.00
M,315,Clark,4.5,4.5,Liverpool,0,0.00,0,0.00,0,0.00,0,0.00,0,0.00,0,0.00,0,0.00,0,0.00,0,0.00,0.00
F,316,Darwin,7.0,7.0,Liverpool,18,1.25,22,1.39,25,1.68,24,1.69,26,1.92,27,1.52,26,1.59,28,1.33,28,1.79,0.00
M,317,Diogo J.,7.2,7.2,Liverpool,54,3.66,55,3.44,51,3.68,53,3.81,50,3.84,51,2.88,49,2.91,50,2.41,50,3.34,0.00
M,318,Doak,4.5,4.5,Liverpool,0,0.00,0,0.00,0,0.00,0,0.00,0,0.00,0,0.00,0,0.00,0,0.00,0,0.00,0.00
M,319,Elliott,5.2,5.2,Liverpool,14,0.79,13,0.71,14,0.79,14,0.81,15,0.91,15,0.75,14,0.78,16,0.71,17,0.94,0.00
M,320,Endo,4.6,4.6,Liverpool,8,0.35,10,0.45,10,0.43,12,0.53,11,0.52,11,0.44,10,0.48,10,0.36,11,0.48,0.00
F,321,Gakpo,7.4,7.4,Liverpool,59,3.39,57,3.12,58,3.50,58,3.53,58,3.68,58,2.83,58,3.00,57,2.32,57,3.11,0.00
D,322,Gomez,4.7,4.7,Liverpool,0,0.00,0,0.00,0,0.00,1,0.07,11,0.47,21,0.76,26,1.14,29,0.89,29,1.23,0.00
M,323,Gravenberch,5.0,5.0,Liverpool,85,3.08,82,2.78,80,2.96,79,2.96,76,2.90,78,2.46,77,2.75,76,2.01,75,2.67,0.00
M,324,Jones,5.3,5.3,Liverpool,43,1.95,44,1.98,42,2.12,40,2.08,39,2.07,37,1.67,40,1.97,39,1.44,40,1.99,0.00
G,325,Kelleher,4.0,4.0,Liverpool,1,0.05,5,0.20,7,0.32,9,0.42,10,0.40,9,0.36,11,0.48,12,0.38,12,0.52,0.00
D,326,Konaté,5.2,5.2,Liverpool,90,4.24,85,3.21,81,3.83,80,3.77,78,3.28,77,2.50,76,3.18,76,2.18,77,3.29,0.06
M,327,Luis Díaz,7.5,7.5,Liverpool,64,4.05,62,3.58,61,3.91,62,4.03,61,4.21,60,3.09,63,3.43,62,2.73,62,3.68,0.00
M,328,M.Salah,13.7,13.1,Liverpool,90,7.13,86,6.09,85,7.11,83,6.69,81,7.25,81,5.01,81,5.42,81,4.32,80,6.05,0.41
M,329,Mac Allister,6.2,6.2,Liverpool,79,3.39,77,3.06,74,3.37,73,3.31,74,3.37,73,2.63,73,2.96,73,2.27,73,3.14,0.00
M,330,McConnell,4.4,4.4,Liverpool,0,0.00,0,0.00,0,0.00,0,0.00,0,0.00,0,0.00,0,0.00,0,0.00,0,0.00,0.00
M,331,Morton,4.4,4.4,Liverpool,0,0.00,0,0.00,0,0.00,0,0.00,0,0.00,0,0.00,0,0.00,0,0.00,0,0.00,0.00
D,332,N.Phillips,4.0,4.0,Liverpool,0,0.00,0,0.00,0,0.00,0,0.00,0,0.00,0,0.00,0,0.00,0,0.00,0,0.00,0.00
D,333,Quansah,3.9,3.9,Liverpool,38,1.86,35,1.39,27,1.25,24,1.14,19,0.82,13,0.45,11,0.48,11,0.33,10,0.40,0.00
D,334,R.Williams,4.0,4.0,Liverpool,0,0.00,0,0.00,0,0.00,0,0.00,0,0.00,0,0.00,0,0.00,0,0.00,0,0.00,0.00
D,335,Robertson,5.8,5.8,Liverpool,72,4.37,69,3.46,66,4.00,64,3.83,63,3.44,61,2.49,61,3.17,61,2.27,60,3.26,0.00
M,336,Szoboszlai,6.4,6.4,Liverpool,79,4.50,75,3.94,73,4.30,72,4.26,72,4.42,71,3.24,70,3.52,69,2.73,70,3.77,0.00
D,337,Tsimikas,4.6,4.6,Liverpool,29,1.56,32,1.51,33,1.84,32,1.79,29,1.50,29,1.23,29,1.44,29,1.05,30,1.54,0.00
D,338,Van den Berg,4.1,4.1,Brentford,79,1.79,73,1.95,64,1.29,64,1.98,63,1.07,61,2.25,64,3.14,63,1.85,64,2.04,0.03
D,339,Virgil,6.4,6.4,Liverpool,91,4.42,88,3.39,86,4.09,83,3.99,84,3.55,84,2.66,83,3.42,82,2.33,81,3.48,0.03
D,340,Akanji,5.3,5.3,Man City,0,0.00,0,0.00,0,0.00,6,0.45,30,0.11,61,2.72,73,4.42,68,1.86,60,2.08,0.00
D,341,Aké,5.3,5.3,Man City,0,0.00,0,0.00,0,0.00,0,0.00,0,0.00,0,0.00,3,0.16,21,0.64,42,1.64,0.00
M,342,Bernardo,6.1,6.1,Man City,32,1.78,45,1.81,46,2.10,47,3.68,47,0.20,47,2.25,46,3.17,48,1.56,48,1.96,0.00
M,343,Bobb,4.7,4.7,Man City,2,0.19,3,0.24,6,0.47,6,0.85,6,0.04,8,0.56,8,0.83,8,0.39,8,0.50,0.00
G,344,Carson,3.9,3.9,Man City,0,0.00,0,0.00,0,0.00,0,0.00,0,0.00,0,0.00,0,0.00,0,0.00,0,0.00,0.00
M,345,De Bruyne,9.3,9.3,Man City,34,2.57,34,1.94,33,2.13,35,3.90,36,0.22,35,2.50,34,3.45,35,1.73,32,1.86,0.00
M,346,Doku,6.2,6.2,Man City,64,4.03,61,2.82,58,3.06,58,5.33,56,0.27,56,3.14,56,4.47,56,2.16,57,2.68,0.00
G,347,Ederson M.,5.3,5.3,Man City,57,2.53,78,3.01,90,3.60,88,6.31,85,0.30,86,3.57,85,4.86,85,2.33,84,3.20,0.00
M,348,Foden,9.2,9.2,Man City,66,5.13,64,3.44,64,4.03,63,6.85,62,0.37,60,4.11,62,6.08,61,2.81,62,3.52,0.00
M,349,Grealish,6.4,6.4,Man City,9,0.65,10,0.54,10,0.60,11,1.19,11,0.06,12,0.77,12,1.09,12,0.52,13,0.69,0.00
D,350,Gvardiol,6.0,5.9,Man City,90,5.01,89,3.36,85,3.79,83,6.44,82,0.32,81,4.03,79,5.36,77,2.32,73,2.76,0.46
F,351,Haaland,14.8,14.7,Man City,88,8.12,86,5.38,81,5.99,78,9.82,77,0.54,77,6.23,75,8.55,75,4.08,76,4.85,0.83
F,352,J.Alvarez,7.0,7.0,Man City,0,0.00,0,0.00,0,0.00,0,0.00,0,0.00,0,0.00,0,0.00,0,0.00,0,0.00,0.00
D,353,João Cancelo,5.3,5.3,Man City,0,0.00,0,0.00,0,0.00,0,0.00,0,0.00,0,0.00,0,0.00,0,0.00,0,0.00,0.00
M,354,Kovačić,5.4,5.4,Man City,33,1.49,34,1.27,35,1.41,36,2.49,36,0.13,33,1.40,35,2.02,34,0.97,33,1.23,0.00
D,355,Lewis,4.3,4.3,Man City,44,2.34,49,1.81,50,2.13,49,3.66,46,0.17,42,1.98,40,2.60,37,1.08,30,1.16,0.02
M,356,Matheus N.,4.9,4.9,Man City,55,2.38,52,1.83,54,2.07,56,3.74,51,0.18,48,1.96,47,2.78,45,1.32,41,1.55,0.00
M,357,McAtee,4.6,4.6,Man City,13,1.04,16,0.95,18,1.18,18,2.10,18,0.11,20,1.41,21,2.15,20,0.97,19,1.20,0.00
G,358,Ortega Moreno,5.2,5.2,Man City,37,1.65,17,0.63,5,0.20,7,0.49,9,0.03,9,0.39,10,0.60,10,0.27,11,0.41,0.00
M,359,Phillips,4.8,4.8,Ipswich,71,1.88,67,2.03,66,1.72,65,1.70,63,1.64,63,1.75,63,1.82,62,1.87,63,1.86,0.00
M,360,Rodrigo,6.2,6.2,Man City,0,0.00,0,0.00,0,0.00,0,0.00,0,0.00,0,0.00,0,0.00,0,0.00,0,0.00,0.00
D,361,Rúben,5.4,5.4,Man City,91,4.38,87,2.94,85,3.25,81,5.52,79,0.27,74,3.19,72,4.21,66,1.73,65,2.17,0.00
D,362,Stones,5.3,5.3,Man City,0,0.00,0,0.00,0,0.00,0,0.00,0,0.00,0,0.00,2,0.14,17,0.51,33,1.30,0.00
D,363,Walker,5.1,5.1,Man City,0,0.00,0,0.00,0,0.00,0,0.00,0,0.00,0,0.00,0,0.00,0,0.00,0,0.00,0.00
M,364,Amad,5.3,5.3,Man Utd,0,0.00,0,0.00,0,0.00,0,0.00,0,0.00,32,1.57,69,4.27,77,2.81,78,3.96,0.00
M,365,Antony,5.7,5.7,Man Utd,0,0.00,0,0.00,0,0.00,0,0.00,0,0.00,0,0.00,0,0.00,0,0.00,0,0.00,0.00
M,366,B.Fernandes,8.6,8.6,Man Utd,89,4.41,88,4.60,86,4.15,84,6.48,84,2.76,82,4.48,83,5.71,83,3.33,82,4.73,0.44
G,367,Bayindir,4.3,4.3,Man Utd,0,0.00,0,0.00,0,0.00,0,0.00,0,0.00,0,0.00,0,0.00,0,0.00,0,0.00,0.00
M,368,Casemiro,4.7,4.7,Man Utd,17,0.71,13,0.57,12,0.51,14,0.82,13,0.37,12,0.51,10,0.59,11,0.42,11,0.51,0.00
D,369,Dalot,5.0,5.0,Man Utd,91,2.96,87,2.66,84,2.32,82,4.40,82,1.60,81,2.51,79,4.03,80,1.89,80,3.07,0.04
M,370,Eriksen,5.2,5.2,Man Utd,20,1.00,13,0.66,12,0.59,15,0.99,15,0.48,12,0.65,10,0.67,10,0.44,10,0.57,0.00
D,371,Evans,4.4,4.4,Man Utd,6,0.19,7,0.22,3,0.09,3,0.15,5,0.10,5,0.15,5,0.21,4,0.11,5,0.17,0.00
M,372,Garnacho,5.9,5.9,Man Utd,65,3.05,59,2.83,55,2.50,58,3.92,55,1.68,52,2.61,47,3.12,43,1.74,42,2.31,0.01
M,373,Hannibal,4.5,4.5,Man Utd,0,0.00,0,0.00,0,0.00,0,0.00,0,0.00,0,0.00,0,0.00,0,0.00,0,0.00,0.00
G,374,Heaton,3.9,3.9,Man Utd,0,0.00,0,0.00,0,0.00,0,0.00,0,0.00,0,0.00,0,0.00,0,0.00,0,0.00,0.00
F,375,Højlund,6.9,6.9,Man Utd,64,2.91,61,2.85,58,2.62,60,3.89,59,1.79,56,2.82,55,3.64,53,2.08,53,2.84,0.00
D,376,Lindelof,4.3,4.3,Man Utd,29,0.91,13,0.35,5,0.10,5,0.20,7,0.10,6,0.15,6,0.22,6,0.12,6,0.17,0.00
D,377,Maguire,4.9,4.9,Man Utd,36,1.09,55,1.55,71,1.76,71,3.40,69,1.21,68,1.89,68,3.14,67,1.45,67,2.34,0.00
M,378,Mainoo,5.2,5.2,Man Utd,31,1.04,51,1.63,65,1.96,65,2.82,64,1.30,62,2.00,59,2.52,58,1.57,57,1.99,0.00
D,379,Malacia,4.4,4.4,Man Utd,0,0.00,0,0.00,0,0.00,0,0.00,0,0.00,0,0.00,0,0.00,0,0.00,0,0.00,0.00
D,380,Martinez,4.3,4.3,Man Utd,0,0.00,0,0.00,0,0.00,0,0.00,0,0.00,0,0.00,0,0.00,0,0.00,0,0.00,0.00
M,381,McTominay,4.9,4.9,Man Utd,0,0.00,0,0.00,0,0.00,0,0.00,0,0.00,0,0.00,0,0.00,0,0.00,0,0.00,0.00
M,382,Mount,6.3,6.3,Man Utd,23,1.14,31,1.48,34,1.52,33,2.17,33,1.01,29,1.48,26,1.72,25,1.05,25,1.37,0.00
G,383,Onana,5.0,5.0,Man Utd,93,3.36,93,3.25,93,3.21,92,4.49,92,2.13,91,3.21,91,4.34,91,2.77,91,3.37,0.00
M,384,Pellistri,5.0,5.0,Man Utd,0,0.00,0,0.00,0,0.00,0,0.00,0,0.00,0,0.00,0,0.00,0,0.00,0,0.00,0.00
M,385,Rashford,6.7,6.7,Aston Villa,35,1.98,35,2.13,35,2.43,36,3.67,38,0.18,37,2.33,36,2.99,37,1.79,0,0.00,0.00
M,386,Sancho,6.2,6.2,Chelsea,81,4.56,72,3.67,65,3.88,64,2.92,62,3.27,63,2.82,56,2.78,0,0.00,60,2.79,0.00
D,387,Shaw,4.9,4.9,Man Utd,32,0.99,52,1.52,65,1.68,66,3.28,66,1.21,63,1.83,62,2.93,61,1.36,59,2.14,0.00
D,388,Wan-Bissaka,4.5,4.5,West Ham,91,2.94,87,2.70,85,1.52,83,4.61,83,0.81,82,2.76,81,2.81,80,2.49,79,2.92,0.00
F,389,Zirkzee,6.5,6.5,Man Utd,66,2.83,63,2.78,63,2.69,58,3.65,58,1.71,58,2.79,53,3.31,54,2.06,53,2.72,0.00
D,390,A.Murphy,4.0,4.0,Newcastle,0,0.00,0,0.00,0,0.00,0,0.00,0,0.00,0,0.00,0,0.00,0,0.00,0,0.00,0.00
M,391,Almirón,5.4,5.4,Newcastle,0,0.00,0,0.00,0,0.00,0,0.00,0,0.00,0,0.00,0,0.00,0,0.00,0,0.00,0.00
M,392,Barnes,5.9,5.9,Newcastle,52,3.38,36,2.40,37,4.56,38,2.10,38,2.64,36,1.93,38,2.22,37,1.62,34,2.13,0.00
D,393,Botman,4.4,4.4,Newcastle,0,0.00,0,0.00,0,0.00,0,0.00,0,0.00,30,0.91,63,2.16,74,1.92,70,3.12,0.00
M,394,Bruno G.,6.1,6.1,Newcastle,88,3.50,86,3.50,84,6.32,83,2.87,82,3.63,81,2.63,81,2.91,81,2.29,80,3.03,0.00
D,395,Burn,4.4,4.4,Newcastle,89,3.12,86,3.64,80,6.04,75,2.26,77,3.60,77,2.19,70,2.32,68,1.66,69,3.01,0.02
G,396,Dúbravka,4.2,4.2,Newcastle,0,0.00,3,0.11,3,0.24,3,0.12,4,0.18,3,0.11,4,0.14,5,0.16,4,0.15,0.00
M,397,Fraser,4.8,4.8,Southampton,1,0.10,2,0.15,3,0.21,3,0.32,4,0.11,4,0.26,5,0.35,5,0.30,6,0.32,0.00
M,398,Gordon,7.4,7.4,Newcastle,0,0.00,77,4.42,77,8.21,76,3.64,75,4.69,73,3.38,75,3.74,74,2.72,73,4.01,0.00
D,399,Hall,4.8,4.6,Newcastle,0,0.00,0,0.00,0,0.00,0,0.00,0,0.00,0,0.00,0,0.00,0,0.00,0,0.00,0.10
M,400,Hayden,4.4,4.4,Newcastle,0,0.00,0,0.00,0,0.00,0,0.00,0,0.00,0,0.00,0,0.00,0,0.00,0,0.00,0.00
F,401,Isak,9.3,9.3,Newcastle,89,6.26,84,5.83,82,10.66,82,4.73,79,6.18,80,4.34,79,4.97,79,3.35,79,5.09,0.40
M,402,J.Murphy,5.0,5.0,Newcastle,77,4.05,64,3.47,62,6.30,61,2.83,63,3.67,62,2.79,60,2.91,61,2.29,62,3.17,0.00
M,403,Joelinton,6.0,6.0,Newcastle,85,3.79,64,2.84,52,4.23,58,2.18,70,3.34,77,2.66,78,2.97,76,2.23,76,3.13,0.00
D,404,Kelly,4.2,4.2,Newcastle,0,0.00,0,0.00,0,0.00,0,0.00,0,0.00,0,0.00,0,0.00,0,0.00,0,0.00,0.00
D,405,Krafth,4.3,4.3,Newcastle,28,1.03,31,1.32,37,2.90,38,1.24,39,1.79,27,0.85,18,0.65,15,0.44,13,0.54,0.00
M,406,Kuol,4.4,4.4,Newcastle,1,0.10,0,0.00,1,0.25,1,0.13,2,0.16,1,0.12,2,0.15,2,0.16,2,0.16,0.00
D,407,Lascelles,4.5,4.5,Newcastle,0,0.00,0,0.00,0,0.00,0,0.00,0,0.00,0,0.00,0,0.00,0,0.00,6,0.23,0.00
D,408,Lewis,4.0,4.0,Newcastle,0,0.00,0,0.00,0,0.00,0,0.00,0,0.00,0,0.00,0,0.00,0,0.00,0,0.00,0.00
D,409,Livramento,4.5,4.5,Newcastle,86,3.27,82,3.66,80,6.49,79,2.65,78,3.88,75,2.32,72,2.63,71,1.96,73,3.38,0.04
M,410,Longstaff,4.5,4.5,Newcastle,20,0.91,20,0.94,24,2.13,25,1.02,21,1.00,22,0.88,20,0.83,19,0.74,19,0.83,0.00
M,411,Miley,5.0,5.0,Newcastle,9,0.48,9,0.47,14,1.41,14,0.64,14,0.72,12,0.55,12,0.58,13,0.53,13,0.65,0.00
G,412,Odysseas,4.2,4.2,Newcastle,0,0.00,0,0.00,0,0.00,0,0.00,0,0.00,0,0.00,0,0.00,0,0.00,0,0.00,0.00
G,413,Pope,4.9,4.9,Newcastle,94,3.48,92,3.81,92,7.21,92,3.33,91,3.92,92,3.26,91,3.35,90,3.15,91,3.81,0.02
G,414,Ruddy,3.9,3.9,Newcastle,0,0.00,0,0.00,0,0.00,0,0.00,0,0.00,0,0.00,0,0.00,0,0.00,0,0.00,0.00
D,415,Schär,5.4,5.4,Newcastle,91,3.28,89,3.88,86,6.73,86,2.68,84,4.10,83,2.41,82,2.81,82,2.05,80,3.53,0.00
D,416,Targett,3.9,3.9,Newcastle,13,0.53,15,0.68,17,1.48,20,0.74,19,0.93,16,0.55,10,0.40,10,0.32,9,0.39,0.00
M,417,Tonali,5.5,5.5,Newcastle,83,3.34,80,3.27,79,5.97,79,2.73,76,3.32,74,2.47,75,2.73,75,2.17,75,2.88,0.00
D,418,Trippier,5.6,5.6,Newcastle,72,3.67,70,3.99,70,7.34,70,2.99,70,4.43,63,2.48,58,2.68,55,1.92,55,3.13,0.01
M,419,White,4.5,4.5,Newcastle,0,0.00,0,0.00,0,0.00,0,0.00,0,0.00,0,0.00,0,0.00,0,0.00,0,0.00,0.00
M,420,Willock,4.7,4.7,Newcastle,36,1.88,34,1.70,40,3.68,39,1.69,36,1.87,33,1.42,31,1.44,31,1.18,33,1.58,0.00
F,421,Wilson,6.9,6.9,Newcastle,17,1.37,13,1.03,15,2.27,15,1.07,16,1.37,16,1.07,15,1.09,16,0.88,17,1.26,0.00
D,422,Aina,5.4,5.4,Nott'm Forest,90,3.33,88,2.74,86,3.61,84,2.51,83,1.76,82,2.80,81,5.01,80,2.56,81,2.58,0.01
M,423,Anderson,5.0,5.0,Nott'm Forest,81,2.79,77,2.49,77,2.71,76,2.64,75,1.65,75,2.65,75,4.06,72,2.23,74,2.46,0.00
F,424,Awoniyi,5.5,5.5,Nott'm Forest,8,0.61,10,0.69,12,0.82,13,0.92,14,0.61,14,0.94,14,1.51,14,0.83,14,0.87,0.00
D,425,Boly,4.2,4.2,Nott'm Forest,3,0.09,5,0.15,5,0.20,7,0.23,8,0.17,9,0.32,10,0.57,12,0.38,10,0.34,0.00
M,426,Bowler,4.5,4.5,Nott'm Forest,0,0.00,0,0.00,0,0.00,0,0.00,0,0.00,0,0.00,0,0.00,0,0.00,0,0.00,0.00
G,427,C.Miguel,4.1,4.1,Nott'm Forest,0,0.00,0,0.00,2,0.10,3,0.12,4,0.09,4,0.17,4,0.26,4,0.16,4,0.15,0.00
M,428,Da Silva Moreira,4.3,4.3,Nott'm Forest,0,0.00,0,0.00,1,0.05,2,0.06,2,0.05,2,0.07,2,0.13,3,0.10,3,0.11,0.00
M,429,Danilo,4.7,4.7,Nott'm Forest,20,0.90,22,0.96,25,1.09,27,1.16,27,0.71,27,1.21,28,1.76,28,1.04,27,1.12,0.00
F,430,Dennis,4.9,4.9,Nott'm Forest,0,0.00,0,0.00,0,0.00,0,0.00,0,0.00,0,0.00,0,0.00,0,0.00,0,0.00,0.00
M,431,Dominguez,4.8,4.8,Nott'm Forest,51,1.90,52,1.81,50,1.87,46,1.70,51,1.18,50,1.92,53,3.03,51,1.64,52,1.85,0.00
M,432,Elanga,5.3,5.3,Nott'm Forest,78,3.92,75,3.42,73,3.64,73,3.60,73,2.33,72,3.48,70,5.59,70,2.98,71,3.32,0.06
M,433,Gibbs-White,6.6,6.6,Nott'm Forest,80,4.02,79,3.54,78,3.97,78,3.87,76,2.48,76,3.77,73,6.06,75,3.19,73,3.48,0.02
M,434,Hudson-Odoi,5.2,5.2,Nott'm Forest,78,3.65,74,3.12,72,3.45,71,3.22,72,2.09,69,3.23,68,4.98,70,2.75,69,3.02,0.01
M,435,Mighten,4.5,4.5,Nott'm Forest,0,0.00,0,0.00,0,0.00,0,0.00,0,0.00,0,0.00,0,0.00,0,0.00,0,0.00,0.00
D,436,Murillo,4.7,4.7,Nott'm Forest,86,3.17,82,2.56,81,3.38,80,2.33,79,1.65,78,2.64,78,4.71,75,2.33,74,2.35,0.01
D,437,N.Williams,4.4,4.4,Nott'm Forest,86,3.30,86,2.75,81,3.52,80,2.51,80,1.75,77,2.74,77,4.95,78,2.54,77,2.59,0.11
D,438,O.Richards,4.5,4.5,Nott'm Forest,0,0.00,0,0.00,0,0.00,0,0.00,0,0.00,0,0.00,0,0.00,0,0.00,0,0.00,0.00
M,439,O'Brien,5.0,5.0,Nott'm Forest,0,0.00,0,0.00,0,0.00,0,0.00,0,0.00,0,0.00,0,0.00,0,0.00,0,0.00,0.00
D,440,Omobamidele,4.2,4.2,Nott'm Forest,0,0.00,0,0.00,0,0.00,0,0.00,0,0.00,0,0.00,0,0.00,0,0.00,0,0.00,0.00
D,441,Panzo,4.0,4.0,Nott'm Forest,0,0.00,0,0.00,0,0.00,0,0.00,0,0.00,0,0.00,0,0.00,0,0.00,0,0.00,0.00
M,442,Sangaré,4.3,4.3,Nott'm Forest,26,1.04,28,1.02,31,1.16,31,1.14,30,0.68,31,1.22,32,1.76,31,1.02,30,1.09,0.00
G,443,Sels,5.1,5.1,Nott'm Forest,93,3.53,93,3.40,92,3.75,92,3.30,91,2.01,91,3.67,90,5.13,90,3.12,90,3.26,0.03
D,444,Toffolo,4.2,4.2,Nott'm Forest,2,0.08,8,0.31,4,0.16,5,0.19,6,0.14,7,0.27,8,0.48,7,0.24,8,0.31,0.00
G,445,Turner,3.9,3.9,Crystal Palace,1,0.06,1,0.05,3,0.18,3,0.16,3,0.07,0,0.00,5,0.19,4,0.16,4,0.15,0.01
F,446,Ui-jo,4.5,4.5,Nott'm Forest,0,0.00,0,0.00,0,0.00,0,0.00,0,0.00,0,0.00,0,0.00,0,0.00,0,0.00,0.00
F,447,Wood,7.3,7.3,Nott'm Forest,88,4.93,85,4.29,82,4.46,81,4.44,79,2.80,79,4.23,80,6.99,79,3.55,79,4.04,0.39
D,448,Worrall,4.5,4.5,Nott'm Forest,0,0.00,0,0.00,0,0.00,0,0.00,0,0.00,0,0.00,0,0.00,0,0.00,0,0.00,0.00
M,449,Yates,4.8,4.8,Nott'm Forest,29,1.13,32,1.20,32,1.27,33,1.28,33,0.78,33,1.32,34,1.93,35,1.19,36,1.34,0.00
M,450,Alcaraz,4.9,4.9,Everton,54,1.90,49,1.91,39,1.65,39,1.67,43,1.67,42,2.14,41,1.72,43,2.34,44,1.72,0.00
M,451,Amo-Ameyaw,4.4,4.4,Southampton,0,0.00,0,0.00,0,0.00,0,0.00,0,0.00,0,0.00,0,0.00,0,0.00,0,0.00,0.00
M,452,Aribo,4.9,4.9,Southampton,64,2.30,61,2.13,56,2.08,56,2.83,53,0.78,56,2.23,54,2.15,57,1.92,55,1.75,0.00
F,453,Armstrong,5.1,5.1,Southampton,0,0.00,0,0.00,0,0.00,0,0.00,0,0.00,0,0.00,0,0.00,0,0.00,0,0.00,0.00
G,454,Bazunu,4.3,4.3,Southampton,0,0.00,0,0.00,0,0.00,0,0.00,0,0.00,0,0.00,0,0.00,0,0.00,0,0.00,0.00
D,455,Bednarek,4.0,4.0,Southampton,38,0.95,57,0.96,82,1.92,81,2.71,80,0.85,80,2.45,80,1.52,80,1.86,81,1.42,0.01
D,456,Bella-Kotchap,3.9,3.9,Southampton,84,2.13,77,1.34,66,1.64,66,2.34,64,0.71,64,2.04,63,1.29,62,1.55,63,1.19,0.00
D,457,Bree,3.9,3.9,Southampton,24,0.79,33,0.83,44,1.40,46,2.02,43,0.58,46,1.80,47,1.31,45,1.41,45,1.13,0.00
M,458,Charles,4.5,4.5,Southampton,0,0.00,0,0.00,0,0.00,0,0.00,0,0.00,0,0.00,0,0.00,0,0.00,0,0.00,0.00
M,459,Edozie,4.9,4.9,Southampton,0,0.00,0,0.00,0,0.00,0,0.00,0,0.00,0,0.00,0,0.00,0,0.00,0,0.00,0.00
D,460,Edwards,3.9,3.9,Southampton,0,0.00,0,0.00,0,0.00,0,0.00,0,0.00,0,0.00,0,0.00,0,0.00,0,0.00,0.00
D,461,Harwood-Bellis,4.0,4.0,Southampton,91,2.18,88,1.40,85,2.04,84,2.81,83,0.87,82,2.53,80,1.53,80,1.92,80,1.45,0.02
M,462,Kamaldeen,5.0,5.0,Southampton,65,2.65,64,2.61,61,2.57,61,3.39,60,0.99,60,2.71,59,2.63,60,2.27,59,2.01,0.00
M,463,Lallana,5.0,5.0,Southampton,0,0.00,1,0.09,1,0.09,0,0.00,1,0.04,2,0.14,2,0.13,2,0.13,2,0.12,0.00
D,464,Larios,3.9,3.9,Southampton,0,0.00,0,0.00,0,0.00,0,0.00,0,0.00,0,0.00,0,0.00,0,0.00,0,0.00,0.00
G,465,Lis,4.0,4.0,Southampton,0,0.00,0,0.00,0,0.00,0,0.00,0,0.00,0,0.00,0,0.00,0,0.00,0,0.00,0.00
G,466,Lumley,4.0,4.0,Southampton,0,0.00,0,0.00,0,0.00,0,0.00,0,0.00,0,0.00,0,0.00,0,0.00,0,0.00,0.01
D,467,Manning,4.3,4.3,Southampton,34,1.26,31,0.96,28,1.04,30,1.52,32,0.49,30,1.31,32,1.09,31,1.08,31,0.90,0.00
F,468,Mara,5.0,5.0,Southampton,0,0.00,0,0.00,0,0.00,0,0.00,0,0.00,0,0.00,0,0.00,0,0.00,0,0.00,0.00
G,469,McCarthy,4.2,4.2,Southampton,0,0.00,2,0.06,2,0.07,2,0.11,3,0.04,3,0.13,4,0.14,3,0.09,3,0.09,0.00
F,470,Onuachu,4.9,4.9,Southampton,62,2.87,59,2.79,57,2.78,57,3.59,55,1.05,53,2.83,54,2.83,51,2.22,52,2.01,0.00
M,471,Smallbone,5.0,5.0,Southampton,14,0.61,23,0.95,37,1.51,36,2.04,36,0.59,38,1.68,38,1.67,38,1.44,37,1.32,0.00
D,472,Stephens,4.0,4.0,Southampton,20,0.57,20,0.45,13,0.38,15,0.59,15,0.19,15,0.50,17,0.46,18,0.51,16,0.37,0.00
F,473,Stewart,4.4,4.4,Southampton,4,0.24,5,0.35,10,0.60,9,0.77,10,0.24,10,0.68,11,0.70,12,0.64,13,0.63,0.01
D,474,Sugawara,4.2,4.2,Southampton,53,1.81,48,1.30,42,1.44,41,1.96,42,0.61,43,1.78,40,1.25,40,1.33,40,1.09,0.00
D,475,Taylor,3.9,3.9,Southampton,4,0.13,4,0.08,2,0.05,2,0.08,3,0.03,3,0.09,3,0.09,4,0.10,3,0.08,0.00
D,476,Walker-Peters,4.3,4.3,Southampton,90,2.28,85,1.52,82,2.08,81,2.87,80,0.90,79,2.58,77,1.61,79,1.97,78,1.48,0.00
D,477,Wood,4.0,4.0,Southampton,2,0.07,2,0.06,0,0.00,1,0.05,1,0.02,1,0.05,2,0.06,2,0.08,2,0.06,0.00
D,478,A.Phillips,4.0,4.0,Spurs,0,0.00,0,0.00,0,0.00,0,0.00,0,0.00,0,0.00,0,0.00,0,0.00,0,0.00,0.00
G,479,Austin,4.0,4.0,Spurs,0,0.00,0,0.00,0,0.00,0,0.00,0,0.00,0,0.00,0,0.00,0,0.00,0,0.00,0.00
M,480,Bentancur,4.9,4.9,Spurs,77,2.13,72,2.66,69,2.09,68,2.15,67,1.76,65,2.00,65,2.67,65,1.33,64,2.01,0.00
M,481,Bergvall,4.4,4.4,Spurs,49,1.59,47,1.92,43,1.48,41,1.48,41,1.31,42,1.46,41,1.89,43,0.98,42,1.45,0.00
M,482,Bissouma,4.8,4.8,Spurs,25,0.92,29,1.20,27,0.98,28,1.03,29,0.98,29,1.03,28,1.35,30,0.71,31,1.10,0.00
M,483,Bryan,5.0,5.0,Spurs,0,0.00,0,0.00,0,0.00,0,0.00,0,0.00,0,0.00,0,0.00,0,0.00,0,0.00,0.00
D,484,Davies,4.3,4.3,Spurs,6,0.13,8,0.30,6,0.18,7,0.22,9,0.16,10,0.27,10,0.40,11,0.20,10,0.28,0.00
M,485,Devine,4.5,4.5,Spurs,0,0.00,0,0.00,0,0.00,0,0.00,0,0.00,0,0.00,0,0.00,0,0.00,0,0.00,0.00
D,486,Dragusin,4.3,4.3,Spurs,0,0.00,0,0.00,0,0.00,0,0.00,0,0.00,0,0.00,0,0.00,0,0.00,0,0.00,0.00
D,487,E.Royal,4.5,4.5,Spurs,0,0.00,0,0.00,0,0.00,0,0.00,0,0.00,0,0.00,0,0.00,0,0.00,0,0.00,0.00
G,488,Forster,4.3,4.3,Spurs,0,0.00,0,0.00,0,0.00,0,0.00,0,0.00,0,0.00,0,0.00,0,0.00,0,0.00,0.00
M,489,Gray,4.6,4.6,Spurs,5,0.17,7,0.26,6,0.20,8,0.27,10,0.30,9,0.29,11,0.44,12,0.24,12,0.36,0.00
M,490,Højbjerg,5.0,5.0,Spurs,0,0.00,0,0.00,0,0.00,0,0.00,0,0.00,0,0.00,0,0.00,0,0.00,0,0.00,0.00
M,491,Johnson,6.2,6.2,Spurs,53,2.49,51,3.54,41,2.16,40,2.29,39,1.72,41,2.17,41,2.89,41,1.42,42,2.31,0.00
M,492,Kulusevski,6.2,6.2,Spurs,37,1.42,48,2.65,79,3.14,79,3.31,79,2.54,78,3.07,77,4.14,78,2.06,77,3.15,0.00
M,493,Lo Celso,4.9,4.9,Spurs,0,0.00,0,0.00,0,0.00,0,0.00,0,0.00,0,0.00,0,0.00,0,0.00,0,0.00,0.00
M,494,Maddison,7.4,7.4,Spurs,53,2.59,49,3.63,42,2.25,40,2.28,40,1.74,42,2.27,42,3.07,38,1.38,39,2.21,0.00
D,495,Pedro Porro,5.3,5.3,Spurs,65,1.68,63,3.47,65,2.43,62,2.48,60,1.19,58,2.13,60,2.93,61,1.29,60,2.15,0.01
D,496,Reguilón,4.1,4.1,Spurs,0,0.00,0,0.00,0,0.00,0,0.00,0,0.00,1,0.05,0,0.00,1,0.03,1,0.06,0.00
F,497,Richarlison,6.8,6.8,Spurs,11,0.61,17,1.24,27,1.48,29,1.66,28,1.36,28,1.53,31,2.21,28,1.02,29,1.60,0.00
D,498,Romero,4.9,4.9,Spurs,91,1.75,86,3.70,85,2.50,83,2.66,83,1.22,82,2.44,82,3.15,81,1.31,82,2.27,0.00
M,499,P.M.Sarr,4.7,4.7,Spurs,35,1.27,33,1.50,32,1.23,32,1.27,32,1.09,33,1.25,33,1.68,32,0.82,33,1.25,0.00
F,500,Scarlett,4.4,4.4,Spurs,0,0.00,0,0.00,0,0.00,0,0.00,0,0.00,0,0.00,0,0.00,0,0.00,0,0.00,0.00
M,501,Skipp,4.7,4.7,Leicester,11,0.42,13,0.47,17,0.63,20,0.69,19,0.69,18,0.71,19,0.69,19,0.74,19,0.70,0.00
M,502,Solomon,5.4,5.4,Spurs,0,0.00,0,0.00,0,0.00,0,0.00,0,0.00,0,0.00,0,0.00,0,0.00,0,0.00,0.00
M,503,Son,9.7,9.7,Spurs,76,4.02,73,6.07,71,4.14,67,4.29,68,3.18,68,3.97,66,5.38,66,2.56,65,4.01,0.01
D,504,Spence,4.4,4.4,Spurs,39,0.98,43,1.97,37,1.26,41,1.49,42,0.82,45,1.50,43,1.90,43,0.84,43,1.35,0.00
D,505,Udogie,4.8,4.8,Spurs,80,1.91,75,3.68,76,2.60,75,2.75,73,1.38,71,2.44,71,3.17,69,1.35,68,2.25,0.00
D,506,Van de Ven,4.5,4.5,Spurs,90,1.64,87,3.38,85,2.35,83,2.48,81,1.13,80,2.23,80,2.89,78,1.20,79,2.10,0.00
F,507,Veliz,5.0,5.0,Spurs,0,0.00,0,0.00,0,0.00,0,0.00,0,0.00,0,0.00,0,0.00,0,0.00,0,0.00,0.00
G,508,Vicario,4.8,4.8,Spurs,94,3.17,93,3.68,92,3.36,91,3.30,91,3.02,91,3.29,91,4.28,90,2.17,91,3.21,0.00
M,509,Werner,6.2,6.2,Spurs,2,0.14,2,0.24,1,0.10,2,0.17,2,0.14,3,0.22,2,0.27,3,0.17,3,0.23,0.00
G,510,Whiteman,3.9,3.9,Spurs,0,0.00,0,0.00,0,0.00,0,0.00,0,0.00,0,0.00,0,0.00,0,0.00,0,0.00,0.00
M,511,Álvarez,5.0,5.0,West Ham,51,1.64,53,1.66,50,1.41,54,2.54,52,0.61,50,1.72,51,1.91,54,1.52,51,1.66,0.00
F,512,Antonio,5.3,5.3,West Ham,0,0.00,0,0.00,0,0.00,0,0.00,0,0.00,0,0.00,0,0.00,0,0.00,0,0.00,0.00
G,513,Areola,4.2,4.2,West Ham,93,3.45,93,3.33,91,3.02,90,5.05,89,1.23,89,3.35,89,3.97,88,2.98,87,3.43,0.03
M,514,Bowen,7.6,7.6,West Ham,90,4.32,87,4.38,85,3.20,82,6.96,81,1.42,80,4.86,81,4.64,80,3.69,79,4.30,0.13
M,515,Cornet,4.7,4.7,Southampton,0,0.00,0,0.00,0,0.00,0,0.00,0,0.00,0,0.00,0,0.00,0,0.00,0,0.00,0.00
D,516,Coufal,4.1,4.1,West Ham,16,0.60,26,0.93,37,0.90,38,2.28,39,0.45,38,1.46,42,1.70,38,1.30,40,1.62,0.00
D,517,Cresswell,3.9,3.9,West Ham,22,0.78,21,0.72,20,0.49,22,1.27,24,0.29,24,0.94,23,0.95,24,0.81,24,0.95,0.00
M,518,Downes,4.7,4.7,Southampton,19,0.69,15,0.56,16,0.57,16,0.82,20,0.28,21,0.81,22,0.88,21,0.74,21,0.69,0.00
M,519,Earthy,4.5,4.5,West Ham,0,0.00,0,0.00,0,0.00,0,0.00,0,0.00,0,0.00,0,0.00,0,0.00,0,0.00,0.00
D,520,Emerson,4.4,4.4,West Ham,45,1.77,43,1.64,39,1.05,38,2.47,38,0.49,38,1.62,38,1.71,37,1.40,37,1.65,0.00
G,521,Fabianski,4.0,4.0,West Ham,2,0.07,2,0.08,4,0.13,5,0.28,6,0.08,6,0.22,6,0.28,6,0.21,8,0.30,0.38
G,522,Foderingham,4.3,4.3,West Ham,0,0.00,0,0.00,0,0.00,0,0.00,0,0.00,0,0.00,0,0.00,0,0.00,0,0.00,0.00
F,523,Ings,4.9,4.9,West Ham,2,0.15,2,0.14,0,0.00,1,0.11,4,0.12,2,0.16,2,0.16,1,0.09,2,0.14,0.00
D,524,Kilman,4.3,4.3,West Ham,91,2.86,88,2.60,85,1.50,83,4.54,82,0.77,83,2.69,82,2.79,83,2.52,85,2.99,0.00
M,525,Kudus,6.2,6.2,West Ham,87,3.92,81,3.81,77,2.74,77,5.92,78,1.26,75,4.10,75,3.98,74,3.11,74,3.54,0.00
M,526,L.Guilherme,4.6,4.6,West Ham,2,0.15,2,0.12,2,0.11,2,0.21,3,0.07,2,0.15,2,0.18,3,0.17,3,0.20,0.00
M,527,L.Paquetá,5.7,5.7,West Ham,73,3.25,69,3.16,67,2.46,66,4.98,65,1.05,65,3.42,65,3.41,63,2.65,64,3.02,0.00
D,528,Mavropanos,4.3,4.3,West Ham,56,1.98,49,1.65,43,0.94,47,2.80,46,0.51,47,1.75,44,1.73,45,1.56,47,1.88,0.00
D,529,N.Aguerd,4.4,4.4,West Ham,0,0.00,0,0.00,0,0.00,0,0.00,0,0.00,0,0.00,0,0.00,0,0.00,0,0.00,0.00
M,530,Souček,4.9,4.9,West Ham,77,2.61,76,2.62,72,2.02,69,3.72,74,0.92,73,2.83,72,2.87,72,2.28,71,2.56,0.00
M,531,Ward-Prowse,6.1,6.1,West Ham,60,2.38,61,2.47,61,2.00,60,3.91,59,0.86,61,2.82,60,2.82,60,2.22,61,2.58,0.00
D,532,Zouma,4.4,4.4,West Ham,0,0.00,0,0.00,0,0.00,0,0.00,0,0.00,0,0.00,0,0.00,0,0.00,0,0.00,0.00
D,533,Aït-Nouri,4.8,4.8,Wolves,86,3.75,83,3.20,80,3.09,77,2.46,76,4.00,77,1.66,78,3.01,77,2.17,75,2.80,0.16
M,534,B.Traore,4.8,4.8,Wolves,1,0.08,1,0.08,2,0.12,2,0.12,2,0.12,2,0.11,3,0.16,4,0.15,4,0.18,0.00
M,535,Bellegarde,4.9,4.9,Wolves,52,2.49,39,1.95,40,2.03,38,1.64,39,2.07,38,1.55,39,1.89,40,1.49,39,1.89,0.00
G,536,Bentley,3.9,3.9,Wolves,0,0.00,0,0.00,0,0.00,0,0.00,0,0.00,0,0.00,0,0.00,0,0.00,0,0.00,0.01
M,537,Chiquinho,4.5,4.5,Wolves,0,0.00,0,0.00,0,0.00,0,0.00,0,0.00,0,0.00,0,0.00,0,0.00,0,0.00,0.00
M,538,Chirewa,4.5,4.5,Wolves,0,0.00,0,0.00,0,0.00,0,0.00,0,0.00,0,0.00,0,0.00,0,0.00,0,0.00,0.00
F,539,Chiwome,4.5,4.5,Wolves,0,0.00,0,0.00,0,0.00,0,0.00,0,0.00,0,0.00,0,0.00,0,0.00,0,0.00,0.00
M,540,Cundle,4.5,4.5,Wolves,0,0.00,0,0.00,0,0.00,0,0.00,0,0.00,0,0.00,0,0.00,0,0.00,0,0.00,0.00
F,541,Cunha,6.9,6.9,Wolves,0,0.00,82,4.56,81,4.60,78,3.48,78,4.78,77,3.24,76,4.00,78,3.04,76,4.12,0.02
D,542,Dawson,4.3,4.3,Wolves,0,0.00,2,0.07,3,0.11,4,0.13,4,0.18,6,0.14,5,0.19,6,0.17,6,0.20,0.00
D,543,Doherty,4.3,4.3,Wolves,86,3.28,83,2.77,81,2.63,81,2.25,79,3.58,78,1.41,79,2.61,79,1.98,78,2.50,0.00
M,544,Doyle,4.7,4.7,Wolves,9,0.47,8,0.43,8,0.46,11,0.49,12,0.57,11,0.48,11,0.54,10,0.42,9,0.47,0.00
F,545,Fábio Silva,5.0,5.0,Wolves,0,0.00,0,0.00,0,0.00,0,0.00,0,0.00,0,0.00,0,0.00,0,0.00,0,0.00,0.00
F,546,Fraser,4.5,4.5,Wolves,0,0.00,0,0.00,0,0.00,0,0.00,0,0.00,0,0.00,0,0.00,0,0.00,0,0.00,0.00
M,547,Gonzalez,4.4,4.4,Wolves,0,0.00,0,0.00,0,0.00,0,0.00,0,0.00,0,0.00,0,0.00,0,0.00,0,0.00,0.00
M,548,Guedes,5.3,5.3,Wolves,34,2.04,23,1.40,23,1.45,23,1.21,25,1.62,25,1.23,25,1.55,24,1.14,25,1.54,0.00
D,549,H.Bueno,4.5,4.5,Wolves,0,0.00,0,0.00,0,0.00,0,0.00,0,0.00,0,0.00,0,0.00,0,0.00,0,0.00,0.00
M,550,Hee Chan,6.1,6.1,Wolves,32,1.94,24,1.50,25,1.53,26,1.34,28,1.77,26,1.26,27,1.60,29,1.32,28,1.65,0.00
M,551,Hodge,4.5,4.5,Wolves,0,0.00,0,0.00,0,0.00,0,0.00,0,0.00,0,0.00,0,0.00,0,0.00,0,0.00,0.00
D,552,Hoever,4.0,4.0,Wolves,0,0.00,0,0.00,0,0.00,0,0.00,0,0.00,0,0.00,0,0.00,0,0.00,0,0.00,0.00
M,553,J.Gomes,4.9,4.9,Wolves,85,2.75,80,2.50,77,2.48,74,2.08,71,2.49,75,1.95,75,2.42,74,1.88,74,2.31,0.00
G,554,José Sá,4.3,4.3,Wolves,94,3.62,93,3.47,92,3.29,93,3.30,91,3.79,91,3.00,90,3.55,91,2.90,91,3.27,0.05
F,555,Kalajdžić,4.8,4.8,Wolves,0,0.00,0,0.00,0,0.00,2,0.13,3,0.23,3,0.23,3,0.26,3,0.19,3,0.28,0.00
G,556,King,4.0,4.0,Wolves,0,0.00,0,0.00,0,0.00,0,0.00,0,0.00,0,0.00,0,0.00,0,0.00,0,0.00,0.00
M,557,Mario Jr.,4.8,4.8,Wolves,0,0.00,0,0.00,0,0.00,0,0.00,0,0.00,0,0.00,0,0.00,0,0.00,0,0.00,0.00
D,558,Mosquera,3.8,3.8,Wolves,0,0.00,0,0.00,0,0.00,0,0.00,0,0.00,0,0.00,0,0.00,0,0.00,0,0.00,0.00
D,559,N.Semedo,4.5,4.5,Wolves,90,3.35,86,2.82,84,2.78,83,2.24,82,3.65,81,1.44,81,2.66,78,1.93,79,2.53,0.00
M,560,Neto,6.3,6.3,Chelsea,70,4.23,62,3.37,50,3.09,48,2.24,47,2.48,47,2.15,50,2.61,61,2.76,45,2.12,0.01
D,561,Pedro Lima,3.9,3.9,Wolves,3,0.14,4,0.20,5,0.25,6,0.26,8,0.35,7,0.25,8,0.33,9,0.30,10,0.39,0.00
M,562,Podence,5.5,5.5,Wolves,0,0.00,0,0.00,0,0.00,0,0.00,0,0.00,0,0.00,0,0.00,0,0.00,0,0.00,0.00
M,563,R.Gomes,5.1,5.1,Wolves,19,0.95,18,0.90,21,1.05,23,1.05,24,1.27,24,1.02,24,1.20,25,0.96,26,1.24,0.00
D,564,S.Bueno,4.3,4.3,Wolves,15,0.53,21,0.69,25,0.81,26,0.75,28,1.17,27,0.56,28,0.96,29,0.76,30,0.95,0.00
M,565,Sarabia,5.0,5.0,Wolves,46,2.88,32,1.97,31,2.00,34,1.79,33,2.19,33,1.60,34,2.09,32,1.49,35,2.13,0.00
F,566,Strand Larsen,5.3,5.3,Wolves,78,3.99,72,3.68,71,3.72,69,2.95,68,3.75,67,2.63,66,3.31,66,2.49,65,3.30,0.00
D,567,Toti,4.3,4.3,Wolves,89,3.15,86,2.65,83,2.50,82,2.11,82,3.39,80,1.33,80,2.47,79,1.87,80,2.36,0.00
G,568,Muric,4.4,4.4,Ipswich,0,0.00,0,0.00,0,0.00,0,0.00,0,0.00,0,0.00,0,0.00,0,0.00,0,0.00,0.01
M,569,Jaden,5.3,5.3,Ipswich,66,2.53,65,3.09,62,2.29,60,2.15,58,2.19,55,2.25,56,2.65,55,2.54,54,2.50,0.00
M,570,A.Fatawu,5.1,5.1,Leicester,0,0.00,0,0.00,0,0.00,0,0.00,0,0.00,0,0.00,0,0.00,0,0.00,0,0.00,0.00
M,571,Savinho,6.2,6.2,Man City,65,4.63,60,3.09,60,3.57,59,6.03,58,0.32,57,3.68,58,5.36,58,2.51,57,3.04,0.02
D,572,Yoro,4.3,4.3,Man Utd,31,1.01,44,1.32,55,1.46,54,2.64,55,1.02,55,1.60,54,2.50,55,1.26,53,1.85,0.00
D,573,Milenković,4.9,4.9,Nott'm Forest,90,3.18,86,2.63,84,3.38,82,2.38,81,1.68,80,2.62,80,4.76,80,2.44,81,2.48,0.06
D,574,Pivas,4.0,4.0,Newcastle,0,0.00,0,0.00,0,0.00,0,0.00,0,0.00,0,0.00,0,0.00,0,0.00,0,0.00,0.00
D,575,Wiley,4.0,4.0,Chelsea,0,0.00,0,0.00,0,0.00,0,0.00,0,0.00,0,0.00,0,0.00,0,0.00,0,0.00,0.00
M,576,Irving,4.7,4.7,West Ham,2,0.11,2,0.15,2,0.12,3,0.25,3,0.07,3,0.19,3,0.25,3,0.18,3,0.21,0.00
M,577,Lindstrøm,5.0,5.0,Everton,53,1.92,44,1.81,28,1.26,29,1.33,30,1.29,31,1.63,30,1.34,31,1.77,29,1.28,0.00
D,578,Calafiori,5.8,5.8,Arsenal,44,2.31,42,1.98,40,2.09,41,2.99,40,1.24,41,2.05,41,1.68,41,1.99,40,2.26,0.00
D,579,Sessegnon,4.1,4.1,Fulham,9,0.33,10,0.38,11,0.46,14,0.90,13,0.28,13,0.58,14,0.89,13,0.46,13,0.52,0.00
D,580,Huijsen,4.5,4.5,Bournemouth,78,3.63,71,2.57,64,2.44,65,2.60,63,1.55,65,1.48,66,2.97,65,0.98,64,3.07,0.07
G,581,Jørgensen,4.2,4.2,Chelsea,19,0.73,21,0.76,22,0.94,22,0.82,26,1.08,25,0.88,27,1.08,26,0.92,28,1.06,0.00
D,582,O'Brien,4.5,4.5,Everton,89,1.71,86,2.35,84,2.58,82,2.19,80,2.02,80,3.67,80,2.51,79,3.86,78,1.99,0.00
D,583,Townsend,3.9,3.9,Ipswich,10,0.27,11,0.42,12,0.32,13,0.37,12,0.31,13,0.44,13,0.44,13,0.51,12,0.46,0.00
M,584,Brereton Díaz,4.8,4.8,Southampton,0,0.00,0,0.00,0,0.00,0,0.00,0,0.00,0,0.00,0,0.00,0,0.00,0,0.00,0.00
M,585,I.Sarr,5.6,5.6,Crystal Palace,83,4.97,82,3.98,79,6.82,76,5.02,76,1.65,74,3.91,75,4.40,71,3.64,71,2.85,0.05
D,586,J.Cuenca,4.4,4.4,Fulham,5,0.15,9,0.26,8,0.28,10,0.53,11,0.19,12,0.45,13,0.70,12,0.35,13,0.43,0.00
M,587,Summerville,5.5,5.5,West Ham,6,0.34,20,0.98,46,1.71,46,3.25,48,0.78,45,2.32,46,2.43,46,1.86,46,2.16,0.00
M,588,G.Rodríguez,4.8,4.8,West Ham,4,0.25,5,0.27,5,0.26,6,0.46,6,0.12,6,0.33,6,0.37,6,0.26,6,0.29,0.00
F,589,Füllkrug,6.7,6.7,West Ham,2,0.17,10,0.62,21,1.02,23,2.05,31,0.60,21,1.43,22,1.51,22,1.18,22,1.30,0.00
F,590,Osula,4.9,4.9,Newcastle,14,0.88,9,0.61,10,1.25,11,0.61,11,0.76,12,0.62,11,0.67,11,0.51,12,0.70,0.00
D,591,Todibo,4.2,4.2,West Ham,80,2.63,82,2.52,79,1.47,76,4.32,75,0.76,75,2.59,75,2.72,75,2.38,75,2.80,0.00
D,592,J.Araujo,4.3,4.3,Bournemouth,9,0.41,17,0.73,19,0.83,22,1.07,22,0.61,24,0.76,24,1.31,24,0.53,23,1.17,0.00
D,593,De Ligt,4.8,4.8,Man Utd,86,2.72,78,2.36,71,1.89,72,3.63,71,1.35,72,2.12,69,3.33,68,1.57,69,2.54,0.00
D,594,Mazraoui,4.3,4.3,Man Utd,85,2.71,80,2.49,76,2.18,75,3.94,72,1.47,70,2.21,72,3.67,71,1.74,71,2.75,0.05
M,595,Gruda,5.4,5.4,Brighton,14,0.78,14,0.73,16,1.02,18,1.42,19,0.45,19,1.11,19,1.38,20,0.88,20,1.16,0.00
M,596,Jota Silva,5.9,5.9,Nott'm Forest,15,0.85,17,0.95,19,1.13,19,1.16,20,0.75,21,1.23,21,1.92,21,1.06,20,1.15,0.00
M,597,Lewis-Skelly,4.5,4.5,Arsenal,49,1.74,51,1.72,51,1.81,50,2.37,49,1.04,46,1.64,46,1.54,47,1.62,48,1.76,0.00
D,598,Bogarde,4.0,4.0,Aston Villa,0,0.00,2,0.08,2,0.12,3,0.20,2,0.01,4,0.19,4,0.22,5,0.14,6,0.22,0.00
G,599,Dennis,3.9,3.9,Bournemouth,1,0.05,3,0.11,3,0.12,3,0.14,3,0.08,3,0.10,3,0.16,3,0.07,3,0.15,0.00
M,600,Ayari,5.0,5.0,Brighton,46,1.85,45,1.70,46,2.14,44,2.44,45,0.76,44,1.85,44,2.29,45,1.38,43,1.75,0.00
M,601,Moran,5.0,5.0,Brighton,0,0.00,0,0.00,0,0.00,0,0.00,0,0.00,0,0.00,0,0.00,0,0.00,0,0.00,0.00
M,602,Trevitt,4.4,4.4,Brentford,0,0.00,0,0.00,0,0.00,0,0.00,0,0.00,0,0.00,0,0.00,0,0.00,0,0.00,0.00
M,603,Armstrong,4.4,4.4,Everton,0,0.00,0,0.00,0,0.00,0,0.00,0,0.00,0,0.00,0,0.00,0,0.00,0,0.00,0.00
M,604,King,4.4,4.4,Fulham,3,0.17,3,0.20,3,0.18,3,0.28,3,0.09,4,0.27,4,0.34,4,0.22,3,0.22,0.00
M,605,Godo,4.4,4.4,Fulham,0,0.00,0,0.00,0,0.00,0,0.00,0,0.00,0,0.00,1,0.09,1,0.07,0,0.00,0.00
M,606,Alves,4.4,4.4,Leicester,0,0.00,0,0.00,0,0.00,0,0.00,0,0.00,0,0.00,0,0.00,0,0.00,0,0.00,0.00
M,607,O’Reilly,4.9,4.9,Man City,0,0.00,0,0.00,0,0.00,0,0.00,0,0.00,0,0.00,0,0.00,0,0.00,0,0.00,0.00
M,608,Dibling,4.4,4.4,Southampton,47,1.94,46,1.85,44,1.82,45,2.50,47,0.77,46,2.09,45,2.00,43,1.70,45,1.55,0.00
F,609,Lankshear,4.5,4.5,Spurs,0,0.00,0,0.00,0,0.00,0,0.00,0,0.00,0,0.00,0,0.00,0,0.00,0,0.00,0.00
M,610,Moore,4.5,4.5,Spurs,0,0.00,0,0.00,0,0.00,0,0.00,0,0.00,0,0.00,0,0.00,0,0.00,0,0.00,0.00
M,611,Szmodics,5.7,5.7,Ipswich,0,0.00,0,0.00,0,0.00,0,0.00,0,0.00,0,0.00,0,0.00,7,0.44,15,0.89,0.00
M,612,Odobert,5.3,5.3,Spurs,35,1.63,38,2.44,35,1.74,39,2.01,39,1.63,38,1.87,38,2.53,40,1.30,40,2.00,0.00
M,613,Collyer,4.5,4.5,Man Utd,9,0.36,9,0.36,7,0.30,9,0.45,8,0.20,7,0.31,6,0.31,6,0.23,7,0.30,0.00
M,614,Metcalfe,4.5,4.5,Everton,0,0.00,0,0.00,0,0.00,0,0.00,0,0.00,0,0.00,0,0.00,0,0.00,0,0.00,0.00
G,615,Rushworth,3.9,3.9,Brighton,0,0.00,0,0.00,0,0.00,0,0.00,0,0.00,0,0.00,0,0.00,0,0.00,0,0.00,0.00
D,616,Nelson,4.0,4.0,Leicester,0,0.00,0,0.00,0,0.00,0,0.00,0,0.00,0,0.00,0,0.00,0,0.00,0,0.00,0.00
F,617,Evanilson,5.7,5.6,Bournemouth,77,5.12,77,4.06,76,4.12,74,4.66,73,2.65,72,2.77,71,5.45,72,2.38,70,4.75,0.24
M,618,Georginio,5.1,5.1,Brighton,62,3.36,58,2.78,58,3.93,57,4.23,57,1.33,57,3.13,57,3.82,57,2.20,54,2.91,0.00
M,619,Cajuste,4.5,4.5,Ipswich,73,2.01,68,2.24,67,1.85,66,1.81,65,1.82,63,1.88,63,1.97,62,1.99,63,2.00,0.00
M,620,Sosa,5.5,5.5,Nott'm Forest,8,0.56,11,0.65,12,0.76,13,0.80,12,0.47,14,0.90,14,1.40,14,0.74,16,0.95,0.00
M,621,João Félix,5.9,5.9,Chelsea,0,0.00,0,0.00,0,0.00,0,0.00,0,0.00,0,0.00,0,0.00,0,0.00,0,0.00,0.00
M,622,Berge,5.0,5.0,Fulham,85,2.13,82,2.27,80,2.25,78,3.40,78,1.05,76,2.33,76,3.14,76,1.88,76,2.22,0.00
M,623,M.Fernandes,5.0,5.0,Southampton,82,2.75,81,2.62,78,2.67,78,3.52,76,1.01,74,2.82,73,2.69,75,2.35,76,2.18,0.00
G,624,Begovic,4.0,4.0,Everton,0,0.00,0,0.00,0,0.00,0,0.00,0,0.00,0,0.00,0,0.00,0,0.00,0,0.00,0.00
M,625,Gündogan,6.3,6.3,Man City,25,1.48,22,1.05,24,1.25,26,2.44,30,0.14,27,1.48,29,2.21,28,1.03,28,1.31,0.00
D,626,Kaboré,4.5,4.5,Man City,0,0.00,0,0.00,0,0.00,0,0.00,0,0.00,0,0.00,0,0.00,0,0.00,0,0.00,0.00
D,627,Dixon,4.0,4.0,Everton,0,0.00,0,0.00,0,0.00,0,0.00,0,0.00,0,0.00,0,0.00,0,0.00,0,0.00,0.00
D,628,F.Kadıoğlu,4.4,4.4,Brighton,0,0.00,0,0.00,0,0.00,0,0.00,0,0.00,0,0.00,0,0.00,0,0.00,10,0.40,0.00
M,629,O'Riley,5.5,5.5,Brighton,5,0.32,6,0.37,11,0.64,11,0.82,12,0.25,12,0.68,13,0.88,12,0.50,13,0.69,0.00
D,630,O'Shea,3.9,3.9,Ipswich,90,1.68,88,2.63,85,1.41,84,1.72,84,1.39,82,2.17,81,2.04,80,2.55,78,2.51,0.01
M,631,J.Clarke,5.4,5.4,Ipswich,30,1.34,31,1.64,32,1.38,31,1.27,31,1.35,31,1.40,32,1.60,31,1.55,30,1.51,0.00
M,632,Ogbene,4.8,4.8,Ipswich,0,0.00,0,0.00,0,0.00,0,0.00,0,0.00,0,0.00,0,0.00,0,0.00,0,0.00,0.00
M,633,Merino,6.0,6.0,Arsenal,74,4.36,72,3.89,69,4.32,65,5.21,64,2.19,60,3.45,60,2.74,60,3.28,59,3.82,0.00
M,634,G.Nunes,4.9,4.9,Brentford,0,0.00,0,0.00,0,0.00,0,0.00,0,0.00,0,0.00,0,0.00,0,0.00,0,0.00,0.00
M,635,El Khannouss,4.8,4.8,Leicester,76,2.35,72,2.51,74,2.35,71,2.30,71,2.49,68,2.95,68,2.30,71,2.91,69,2.24,0.00
M,636,Chiesa,6.8,6.8,Liverpool,2,0.16,3,0.28,5,0.42,5,0.42,5,0.44,5,0.41,5,0.43,6,0.37,6,0.45,0.00
D,637,Meupiyou,3.9,3.9,Wolves,0,0.00,0,0.00,0,0.00,0,0.00,0,0.00,0,0.00,0,0.00,0,0.00,0,0.00,0.00
M,638,Oulad M'hand,4.5,4.5,Arsenal,0,0.00,0,0.00,0,0.00,0,0.00,0,0.00,0,0.00,0,0.00,0,0.00,0,0.00,0.00
G,639,Setford,4.5,4.5,Arsenal,0,0.00,0,0.00,0,0.00,0,0.00,0,0.00,4,0.18,0,0.00,0,0.00,0,0.00,0.00
D,640,Swinkels,4.0,4.0,Aston Villa,0,0.00,0,0.00,0,0.00,0,0.00,0,0.00,0,0.00,0,0.00,0,0.00,0,0.00,0.00
G,641,Zych,4.0,4.0,Aston Villa,0,0.00,0,0.00,0,0.00,0,0.00,0,0.00,0,0.00,0,0.00,0,0.00,0,0.00,0.00
M,642,André,5.0,5.0,Wolves,74,2.31,68,2.07,65,2.02,66,1.88,66,2.19,66,1.74,65,2.09,63,1.62,66,1.96,0.00
D,643,Casey,4.0,4.0,West Ham,0,0.00,0,0.00,0,0.00,0,0.00,0,0.00,0,0.00,0,0.00,0,0.00,0,0.00,0.00
M,644,Umeh-Chibueze,4.4,4.4,Crystal Palace,0,0.00,0,0.00,0,0.00,0,0.00,0,0.00,0,0.00,0,0.00,0,0.00,0,0.00,0.00
M,645,Devenny,4.5,4.5,Crystal Palace,11,0.65,6,0.39,5,0.66,7,0.54,8,0.26,8,0.46,9,0.62,10,0.52,9,0.45,0.00
M,646,Agbinone,4.5,4.5,Crystal Palace,0,0.00,0,0.00,0,0.00,0,0.00,0,0.00,0,0.00,0,0.00,0,0.00,0,0.00,0.00
M,647,Rodney,4.5,4.5,Crystal Palace,0,0.00,0,0.00,0,0.00,0,0.00,0,0.00,0,0.00,0,0.00,0,0.00,0,0.00,0.00
F,648,Wheatley,4.5,4.5,Man Utd,0,0.00,0,0.00,0,0.00,0,0.00,0,0.00,0,0.00,0,0.00,0,0.00,0,0.00,0.00
D,649,Meghoma,4.0,4.0,Brentford,0,0.00,0,0.00,0,0.00,0,0.00,0,0.00,0,0.00,0,0.00,0,0.00,0,0.00,0.00
D,650,Lacroix,4.5,4.5,Crystal Palace,90,3.91,88,2.92,87,4.04,85,3.62,84,1.15,83,3.13,83,2.84,82,3.09,80,1.68,0.00
M,651,Mangala,5.0,5.0,Everton,0,0.00,0,0.00,0,0.00,0,0.00,0,0.00,0,0.00,0,0.00,0,0.00,0,0.00,0.00
M,652,Ugarte,4.9,4.9,Man Utd,76,2.13,71,2.03,66,1.83,59,2.36,68,1.23,63,1.88,59,2.33,59,1.49,59,1.87,0.00
D,653,Morato,4.5,4.5,Nott'm Forest,23,0.88,30,1.00,30,1.28,33,1.05,33,0.72,35,1.25,34,2.04,35,1.14,36,1.18,0.00
M,654,C.Soler,5.0,5.0,West Ham,17,0.84,17,0.82,13,0.55,16,1.16,17,0.31,17,0.90,17,0.96,17,0.73,16,0.78,0.00
M,655,Forbs,5.4,5.4,Wolves,1,0.08,0,0.00,0,0.00,0,0.00,1,0.08,1,0.09,0,0.01,1,0.09,2,0.13,0.00
M,656,Young,4.4,4.4,Aston Villa,0,0.00,0,0.00,0,0.00,0,0.00,0,0.00,0,0.00,0,0.00,0,0.00,0,0.00,0.00
D,657,Kacurri,4.0,4.0,Arsenal,0,0.00,0,0.00,0,0.00,0,0.00,0,0.00,0,0.00,0,0.00,0,0.00,0,0.00,0.00
D,658,Heaven,4.0,4.0,Man Utd,10,0.30,7,0.18,4,0.08,5,0.19,6,0.09,6,0.14,5,0.18,5,0.10,7,0.19,0.00
M,659,Kabia,4.5,4.5,Arsenal,0,0.00,0,0.00,0,0.00,0,0.00,0,0.00,0,0.00,0,0.00,0,0.00,0,0.00,0.00
G,660,Jaros,4.0,4.0,Liverpool,0,0.00,0,0.00,0,0.00,0,0.00,0,0.00,0,0.00,0,0.00,0,0.00,0,0.00,0.00
M,661,Yogane,4.5,4.5,Brentford,0,0.00,0,0.00,0,0.00,0,0.00,0,0.00,0,0.00,0,0.00,0,0.00,0,0.00,0.00
D,662,Nichols,4.0,4.0,Arsenal,0,0.00,0,0.00,0,0.00,0,0.00,0,0.00,0,0.00,0,0.00,0,0.00,0,0.00,0.00
D,663,Samuels,4.0,4.0,Brighton,0,0.00,0,0.00,0,0.00,0,0.00,0,0.00,0,0.00,0,0.00,0,0.00,0,0.00,0.00
D,664,Pond,3.9,3.9,Wolves,0,0.00,0,0.00,0,0.00,0,0.00,0,0.00,0,0.00,0,0.00,0,0.00,0,0.00,0.00
F,665,Butler-Oyedeji,4.5,4.5,Arsenal,0,0.00,0,0.00,0,0.00,0,0.04,1,0.06,1,0.10,1,0.11,2,0.15,1,0.13,0.00
D,666,Kporha,4.0,4.0,Crystal Palace,0,0.00,0,0.00,0,0.00,0,0.00,0,0.00,1,0.04,1,0.05,1,0.05,2,0.06,0.00
M,667,Fletcher,4.5,4.5,Man Utd,0,0.00,0,0.00,0,0.00,0,0.00,0,0.00,0,0.00,0,0.00,0,0.00,0,0.00,0.00
G,668,Cahill,3.9,3.9,Brighton,0,0.00,0,0.00,0,0.00,0,0.00,0,0.00,0,0.00,0,0.00,0,0.00,0,0.00,0.00
G,669,Davies,4.0,4.0,Liverpool,0,0.00,0,0.00,0,0.00,0,0.00,0,0.00,0,0.00,0,0.00,0,0.00,0,0.00,0.00
D,670,Amass,4.0,4.0,Man Utd,0,0.00,0,0.00,0,0.00,0,0.00,0,0.00,0,0.00,0,0.00,0,0.00,0,0.00,0.00
M,671,Wright,4.5,4.5,Man City,0,0.00,0,0.00,0,0.00,0,0.00,0,0.00,0,0.00,0,0.00,0,0.00,0,0.00,0.00
D,672,Simpson-Pusey,4.0,4.0,Man City,1,0.04,3,0.10,4,0.13,5,0.28,4,0.01,3,0.10,3,0.13,2,0.04,0,0.00,0.00
M,673,Fitzgerald,4.5,4.5,Man Utd,0,0.00,0,0.00,0,0.00,0,0.00,0,0.00,0,0.00,0,0.00,0,0.00,0,0.00,0.00
M,674,Maghoma,4.5,4.5,Brentford,20,0.84,19,0.81,17,0.68,20,0.91,20,0.51,19,0.95,21,1.34,20,0.78,19,0.84,0.00
D,675,Wilson-Esbrand,4.0,4.0,Man City,0,0.00,0,0.00,0,0.00,0,0.00,0,0.00,0,0.00,0,0.00,0,0.00,0,0.00,0.00
F,676,Marsh,4.5,4.5,Crystal Palace,0,0.00,0,0.00,0,0.00,0,0.00,0,0.00,0,0.00,0,0.00,0,0.00,0,0.00,0.00
D,677,Scarles,4.0,4.0,West Ham,48,1.69,45,1.54,41,0.92,41,2.42,41,0.47,42,1.58,42,1.65,42,1.43,40,1.58,0.00
M,678,Bates,4.5,4.5,Everton,0,0.00,0,0.00,0,0.00,0,0.00,0,0.00,0,0.00,0,0.00,0,0.00,0,0.00,0.00
M,679,Broggio,4.5,4.5,Aston Villa,0,0.00,0,0.00,0,0.00,0,0.00,0,0.00,0,0.00,0,0.00,0,0.00,0,0.00,0.00
D,680,Kinsey,4.0,4.0,Bournemouth,0,0.00,0,0.00,0,0.00,0,0.00,0,0.00,0,0.00,0,0.00,1,0.02,1,0.05,0.00
D,681,McConville,4.0,4.0,Brighton,0,0.00,0,0.00,0,0.00,0,0.00,0,0.00,0,0.00,0,0.00,0,0.00,0,0.00,0.00
M,682,Edozie,4.5,4.5,Wolves,0,0.00,0,0.00,0,0.00,0,0.00,0,0.00,0,0.00,0,0.00,0,0.00,0,0.00,0.00
M,683,Olusesi,4.5,4.5,Spurs,0,0.00,0,0.00,0,0.00,0,0.00,0,0.00,0,0.00,0,0.00,0,0.00,0,0.00,0.00
D,684,Hardy,4.0,4.0,Spurs,0,0.00,0,0.00,0,0.00,0,0.00,0,0.00,0,0.00,0,0.00,0,0.00,0,0.00,0.00
D,685,Slater,4.0,4.0,Brighton,0,0.00,0,0.00,0,0.00,0,0.00,0,0.00,0,0.00,0,0.00,0,0.00,0,0.00,0.00
D,686,Mayers,4.0,4.0,West Ham,1,0.04,0,0.00,0,0.00,0,0.00,0,0.00,0,0.00,0,0.00,0,0.00,0,0.00,0.00
M,687,Winterburn,4.5,4.5,Bournemouth,1,0.09,2,0.15,3,0.20,4,0.28,3,0.13,3,0.17,3,0.26,3,0.13,4,0.22,0.00
M,688,Nyoni,4.5,4.5,Liverpool,0,0.00,0,0.00,0,0.00,0,0.00,0,0.00,0,0.00,0,0.00,0,0.00,0,0.00,0.00
M,689,Williams-Barnett,4.5,4.5,Spurs,0,0.00,0,0.00,0,0.00,0,0.00,0,0.00,0,0.00,0,0.00,0,0.00,0,0.00,0.00
D,690,Amissah,4.0,4.0,Fulham,0,0.00,0,0.00,0,0.00,0,0.00,0,0.00,0,0.00,0,0.00,0,0.00,0,0.00,0.00
D,691,Kukonki,4.0,4.0,Man Utd,0,0.00,0,0.00,0,0.00,0,0.00,0,0.00,0,0.00,0,0.00,0,0.00,0,0.00,0.00
D,692,Nallo,4.0,4.0,Liverpool,1,0.05,2,0.09,2,0.09,3,0.11,2,0.08,1,0.05,0,0.00,0,0.00,1,0.04,0.00
M,693,O'Brien-Whitmarsh,4.5,4.5,Southampton,0,0.00,0,0.00,0,0.00,0,0.00,0,0.00,0,0.00,0,0.00,0,0.00,0,0.00,0.00
M,694,Cartwright,4.5,4.5,Leicester,0,0.00,0,0.00,0,0.00,0,0.00,0,0.00,0,0.00,0,0.00,0,0.00,0,0.00,0.00
M,695,Rak-Sakyi,4.5,4.5,Chelsea,0,0.00,0,0.00,0,0.00,0,0.00,0,0.00,0,0.00,0,0.00,0,0.00,0,0.00,0.00
M,696,George,4.5,4.5,Chelsea,14,0.89,11,0.66,6,0.43,4,0.30,5,0.39,6,0.36,6,0.44,14,0.71,3,0.24,0.00
D,697,Acheampong,4.0,4.0,Chelsea,0,0.00,1,0.04,2,0.09,2,0.08,3,0.14,3,0.10,3,0.12,3,0.11,4,0.14,0.00
F,698,Mubama,4.5,4.5,Man City,1,0.09,0,0.00,1,0.11,1,0.20,2,0.01,1,0.12,2,0.22,1,0.08,2,0.12,0.00
D,699,Dorrington,4.0,4.0,Spurs,0,0.00,0,0.00,0,0.00,0,0.00,0,0.00,0,0.00,0,0.00,0,0.00,0,0.00,0.00
D,700,King,4.0,4.0,Spurs,0,0.00,0,0.00,0,0.00,0,0.00,0,0.00,0,0.00,0,0.00,0,0.00,0,0.00,0.00
M,701,Orford,4.5,4.5,West Ham,0,0.00,0,0.00,0,0.00,0,0.00,0,0.00,0,0.00,0,0.00,0,0.00,0,0.00,0.00
D,702,Harris,4.0,4.0,Bournemouth,0,0.00,0,0.00,0,0.00,0,0.00,0,0.00,0,0.00,0,0.00,0,0.00,0,0.00,0.00
D,703,Alleyne,4.0,4.0,Man City,0,0.00,1,0.04,2,0.06,1,0.10,0,0.00,0,0.00,1,0.05,0,0.00,0,0.00,0.00
G,704,Brits,4.0,4.0,Man City,0,0.00,0,0.00,0,0.00,0,0.00,0,0.00,0,0.00,0,0.00,0,0.00,0,0.00,0.00
D,705,Arthur,4.0,4.0,Brentford,0,0.00,0,0.00,0,0.00,0,0.00,0,0.00,0,0.00,0,0.00,0,0.00,0,0.00,0.00
D,706,Abbott,4.0,4.0,Nott'm Forest,0,0.00,0,0.00,0,0.00,0,0.00,0,0.00,0,0.00,0,0.00,0,0.00,0,0.00,0.00
F,707,Rees-Dottin,4.5,4.5,Bournemouth,0,0.00,0,0.00,0,0.00,0,0.00,0,0.00,0,0.00,0,0.00,0,0.00,0,0.00,0.00
D,708,Wilson-Brown,4.0,4.0,Leicester,0,0.00,0,0.00,0,0.00,0,0.00,0,0.00,0,0.00,0,0.00,0,0.00,0,0.00,0.00
F,709,Danns,4.5,4.5,Liverpool,0,0.00,0,0.00,0,0.00,0,0.00,0,0.00,0,0.00,0,0.00,0,0.00,0,0.00,0.00
M,710,Jimoh,4.5,4.5,Aston Villa,0,0.00,0,0.00,0,0.00,0,0.00,0,0.00,0,0.00,0,0.00,0,0.00,0,0.00,0.00
D,711,Okoduwa,4.0,4.0,Wolves,0,0.00,0,0.00,0,0.00,0,0.00,0,0.00,0,0.00,0,0.00,0,0.00,0,0.00,0.00
D,712,Akinmboni,4.0,4.0,Bournemouth,0,0.00,0,0.00,0,0.00,1,0.04,1,0.02,2,0.04,2,0.08,2,0.03,2,0.05,0.00
D,713,Soler,3.9,3.9,Bournemouth,4,0.33,6,0.34,7,0.40,7,0.45,8,0.27,8,0.33,8,0.56,8,0.24,8,0.49,0.00
M,714,Gómez,5.5,5.5,Brighton,45,1.77,42,1.54,38,1.65,42,2.24,41,0.65,42,1.66,40,1.99,43,1.28,41,1.56,0.00
D,715,Godfrey,4.0,4.0,Ipswich,22,0.67,26,0.99,17,0.48,10,0.33,10,0.30,10,0.34,11,0.40,10,0.39,11,0.42,0.00
G,716,Kinsky,4.3,4.3,Spurs,1,0.03,2,0.10,2,0.09,3,0.12,4,0.13,4,0.13,4,0.18,5,0.12,4,0.14,0.00
M,717,Yang,4.5,4.5,Spurs,0,0.00,0,0.00,0,0.00,0,0.00,0,0.00,0,0.00,0,0.00,0,0.00,0,0.00,0.00
D,718,Welington,4.0,4.0,Southampton,31,0.98,29,0.75,27,0.86,27,1.24,28,0.38,29,1.10,30,0.86,30,0.95,30,0.80,0.00
D,719,Kayi Sanda,4.0,4.0,Southampton,0,0.00,0,0.00,0,0.00,0,0.00,0,0.00,0,0.00,0,0.00,0,0.00,0,0.00,0.00
D,720,Agbadou,4.0,4.0,Wolves,90,3.38,86,2.83,86,2.73,84,2.26,83,3.71,82,1.42,82,2.64,81,1.99,80,2.52,0.04
G,721,Hennessey,4.0,4.0,Nott'm Forest,1,0.06,1,0.05,0,0.00,0,0.00,0,0.00,0,0.00,0,0.00,0,0.00,0,0.00,0.00
F,722,Adu-Adjei,4.5,4.5,Bournemouth,0,0.00,0,0.00,0,0.00,0,0.00,0,0.00,0,0.00,0,0.00,0,0.00,0,0.00,0.00
M,723,Sadi,4.5,4.5,Bournemouth,0,0.00,0,0.00,0,0.00,0,0.00,0,0.00,0,0.00,0,0.00,0,0.00,0,0.00,0.00
F,724,Sherif,4.5,4.5,Everton,0,0.00,0,0.00,0,0.00,0,0.00,0,0.00,0,0.00,0,0.00,0,0.00,0,0.00,0.00
M,725,Malen,5.4,5.4,Aston Villa,22,1.32,20,1.32,20,1.51,23,2.47,23,0.11,23,1.51,23,2.07,25,1.21,30,1.78,0.00
D,726,Coulibaly,4.0,4.0,Leicester,8,0.22,9,0.28,11,0.34,12,0.36,13,0.44,13,0.56,14,0.45,14,0.57,14,0.41,0.00
G,727,McKenna,4.0,4.0,Bournemouth,0,0.00,0,0.00,0,0.00,0,0.00,0,0.00,0,0.00,0,0.00,0,0.00,0,0.00,0.00
M,728,Silcott-Duberry,4.5,4.5,Bournemouth,0,0.00,0,0.00,0,0.00,0,0.00,0,0.00,0,0.00,0,0.00,0,0.00,0,0.00,0.00
M,729,Ajayi,4.5,4.5,Spurs,0,0.00,0,0.00,0,0.00,0,0.00,0,0.00,0,0.00,0,0.00,0,0.00,0,0.00,0.00
M,730,Esse,4.7,4.7,Crystal Palace,10,0.56,6,0.32,5,0.59,7,0.52,8,0.21,9,0.51,9,0.53,10,0.47,10,0.48,0.00
D,731,A. Garcia,4.5,4.5,Aston Villa,6,0.21,6,0.23,6,0.26,8,0.47,9,0.02,9,0.37,10,0.48,11,0.29,12,0.42,0.00
D,732,Khusanov,5.0,5.0,Man City,86,3.86,85,2.75,82,3.02,79,5.06,70,0.22,62,2.51,56,3.08,47,1.19,40,1.35,0.00
D,733,Vitor Reis,4.5,4.5,Man City,13,0.56,17,0.59,23,0.91,23,1.61,20,0.07,14,0.57,12,0.63,8,0.20,4,0.10,0.00
M,734,Grønbæk,4.9,4.9,Southampton,21,1.03,23,1.10,21,1.05,22,1.48,23,0.44,25,1.29,25,1.33,24,1.07,24,1.01,0.00
F,755,Marmoush,7.3,7.3,Man City,69,4.72,66,3.26,67,3.77,65,6.36,66,0.34,67,4.05,65,5.57,66,2.69,65,3.24,0.02
G,756,Porter,4.0,4.0,Arsenal,0,0.00,0,0.00,0,0.00,0,0.00,0,0.00,1,0.07,0,0.00,0,0.00,0,0.00,0.00
D,757,Kayode,4.5,4.5,Brentford,5,0.16,7,0.21,6,0.17,6,0.21,7,0.13,7,0.29,7,0.39,8,0.23,8,0.27,0.00
M,758,Knight,4.5,4.5,Brighton,0,0.00,0,0.00,0,0.00,0,0.00,0,0.00,0,0.00,0,0.00,0,0.00,0,0.00,0.00
G,759,Eyestone,4.0,4.0,Brentford,0,0.00,0,0.00,0,0.00,0,0.00,0,0.00,0,0.00,0,0.00,0,0.00,0,0.00,0.00
D,760,Cassanova,4.0,4.0,Spurs,0,0.00,0,0.00,0,0.00,0,0.00,0,0.00,0,0.00,0,0.00,0,0.00,0,0.00,0.00
G,761,Harrison,4.0,4.0,Man Utd,0,0.00,0,0.00,1,0.04,1,0.07,1,0.03,2,0.07,2,0.10,2,0.07,2,0.07,0.00
M,762,M.Asensio,6.1,6.1,Aston Villa,57,3.13,55,3.31,57,3.94,55,5.57,52,0.24,51,3.27,53,4.40,54,2.65,55,3.13,0.00
D,763,Cashin,4.5,4.5,Brighton,4,0.14,5,0.14,2,0.07,3,0.11,3,0.05,4,0.11,3,0.13,5,0.12,3,0.09,0.00
G,764,Palmer,4.5,4.5,Ipswich,92,3.07,91,3.28,90,2.98,89,2.94,89,2.93,87,3.10,88,3.00,88,3.34,87,3.24,0.00
M,765,N.Gonzalez,6.0,6.0,Man City,67,2.95,64,2.24,64,2.40,61,4.09,61,0.21,60,2.44,59,3.34,59,1.60,61,2.15,0.00
D,766,Dorgu,4.5,4.5,Man Utd,73,2.86,61,2.31,53,1.86,53,3.38,55,1.36,53,2.12,49,2.96,49,1.46,51,2.34,0.02
D,767,Danso,4.5,4.5,Spurs,6,0.13,11,0.46,20,0.60,22,0.73,24,0.41,26,0.80,25,0.99,27,0.47,26,0.75,0.00
M,768,Tel,6.0,6.0,Spurs,28,1.40,27,1.84,21,1.24,22,1.31,25,1.17,25,1.38,25,1.86,27,0.96,26,1.45,0.00
D,769,Djiga,4.5,4.5,Wolves,4,0.10,8,0.20,10,0.27,11,0.27,12,0.42,14,0.27,14,0.42,14,0.34,15,0.43,0.00
M,770,Munetsi,5.0,5.0,Wolves,54,2.60,44,2.09,47,2.16,48,1.91,48,2.41,46,1.68,48,2.21,47,1.66,47,2.20,0.00
M,771,Amougou,4.5,4.5,Chelsea,0,0.00,0,0.00,0,0.00,0,0.00,0,0.00,0,0.00,0,0.00,0,0.00,0,0.00,0.00
M,772,Willian,5.0,5.0,Fulham,24,1.10,23,1.22,18,1.02,15,1.25,15,0.38,16,0.92,16,1.22,18,0.87,16,0.88,0.00
M,773,Heath,4.5,4.5,Everton,0,0.00,0,0.00,0,0.00,0,0.00,0,0.00,0,0.00,0,0.00,0,0.00,0,0.00,0.00
D,774,Anselmino,4.0,4.0,Chelsea,0,0.00,0,0.00,0,0.00,0,0.00,0,0.00,0,0.00,0,0.00,0,0.00,0,0.00,0.00
M,775,Coby Ebere,4.5,4.5,Everton,0,0.00,0,0.00,0,0.00,0,0.00,0,0.00,0,0.00,0,0.00,0,0.00,0,0.00,0.00
F,776,Obi,4.5,4.5,Man Utd,6,0.42,5,0.38,5,0.35,6,0.56,6,0.27,5,0.39,5,0.49,4,0.28,4,0.34,0.00
D,777,Fredricson,4.0,4.0,Man Utd,0,0.00,0,0.00,0,0.00,0,0.00,0,0.00,0,0.00,0,0.00,0,0.00,0,0.00,0.00
M,778,Moorhouse,4.5,4.5,Man Utd,0,0.00,0,0.00,0,0.00,0,0.00,0,0.00,0,0.00,0,0.00,0,0.00,0,0.00,0.00
M,779,Koné,4.5,4.5,Man Utd,0,0.00,0,0.00,0,0.00,0,0.00,0,0.00,0,0.00,0,0.00,0,0.00,0,0.00,0.00
F,780,Morgan,4.5,4.5,Brentford,0,0.00,0,0.00,0,0.00,0,0.00,0,0.00,0,0.00,0,0.00,0,0.00,0,0.00,0.00
F,781,Mheuka,4.5,4.5,Chelsea,2,0.16,1,0.12,0,0.00,0,0.00,0,0.00,0,0.00,0,0.01,0,0.00,0,0.00,0.00
D,782,Samuels-Smith,4.0,4.0,Chelsea,0,0.00,0,0.00,0,0.00,0,0.00,0,0.00,0,0.00,0,0.00,0,0.00,0,0.00,0.00
G,783,Graczyk,4.0,4.0,Man Utd,1,0.04,0,0.00,0,0.00,0,0.01,1,0.03,2,0.06,2,0.09,1,0.04,1,0.06,0.00
F,784,Mané,4.5,4.5,Wolves,0,0.00,0,0.00,0,0.00,0,0.00,0,0.00,0,0.00,0,0.00,0,0.00,0,0.00,0.00
M,785,Echeverri,6.0,6.0,Man City,0,0.00,0,0.00,0,0.00,0,0.00,0,0.00,0,0.00,0,0.00,0,0.00,0,0.00,0.00
D,786,Benjamin Fredrick,4.0,4.0,Brentford,0,0.00,0,0.00,0,0.00,0,0.00,0,0.00,0,0.00,0,0.00,0,0.00,0,0.00,0.00
D,787,Genesis Antwi,4.0,4.0,Chelsea,0,0.00,0,0.00,0,0.00,0,0.00,0,0.00,0,0.00,0,0.00,0,0.00,0,0.00,0.00
G,788,Dermot Mee,4.0,4.0,Man Utd,0,0.00,0,0.00,0,0.00,0,0.00,0,0.00,0,0.00,0,0.00,0,0.00,0,0.00,0.00
F,789,Neave,4.5,4.5,Newcastle,0,0.00,0,0.00,0,0.00,0,0.00,0,0.00,0,0.00,0,0.00,0,0.00,0,0.00,0.00
G,10068,Mark Gillespie,99.9,99.9,Newcastle,0,0.00,0,0.00,0,0.00,0,0.00,0,0.00,0,0.00,0,0.00,0,0.00,0,0.00,0.00
G,10074,Tom McGill,99.9,99.9,Brighton,0,0.00,0,0.00,0,0.00,0,0.00,0,0.00,0,0.00,0,0.00,0,0.00,0,0.00,0.00
M,10152,Josh King,99.9,99.9,Fulham,0,0.00,0,0.00,0,0.00,0,0.00,0,0.00,0,0.00,0,0.00,0,0.00,0,0.00,0.00
F,10189,Rento Takaoka,99.9,99.9,Southampton,0,0.00,0,0.00,0,0.00,0,0.00,0,0.00,0,0.00,0,0.00,0,0.00,0,0.00,0.00
AM,MUN,MUN,0.8,0.8,Man Utd,-,8.48,-,8.22,-,6.94,-,7.81,-,3.80,-,4.63,-,7.66,-,5.68,-,8.13,0
AM,FUL,FUL,1.1,1.1,Fulham,-,4.71,-,6.54,-,3.97,-,9.89,-,2.75,-,4.68,-,7.60,-,3.46,-,6.65,0
AM,IPS,IPS,0.5,0.5,Ipswich,-,4.74,-,4.61,-,4.06,-,4.18,-,4.06,-,3.69,-,7.66,-,4.49,-,5.66,0
AM,LIV,LIV,1.5,1.5,Liverpool,-,7.94,-,6.69,-,8.19,-,8.23,-,8.20,-,5.53,-,5.95,-,4.75,-,7.41,0
AM,ARS,ARS,1.5,1.5,Arsenal,-,7.52,-,6.56,-,7.89,-,10.42,-,4.35,-,7.18,-,4.98,-,6.90,-,8.49,0
AM,WOL,WOL,0.8,0.8,Wolves,-,5.42,-,5.27,-,5.25,-,4.22,-,6.56,-,4.62,-,9.24,-,5.26,-,8.60,0
AM,EVE,EVE,0.5,0.5,Everton,-,4.19,-,6.40,-,7.64,-,7.32,-,6.34,-,6.48,-,6.54,-,7.21,-,5.91,0
AM,BHA,BHA,1.1,1.1,Brighton,-,6.15,-,4.99,-,8.19,-,7.77,-,2.62,-,6.19,-,7.90,-,6.11,-,5.35,0
AM,NEW,NEW,1.5,1.5,Newcastle,-,6.67,-,7.21,-,12.67,-,4.99,-,8.14,-,4.63,-,5.83,-,3.79,-,6.84,0
AM,SOU,SOU,0.5,0.5,Southampton,-,6.03,-,4.44,-,6.32,-,6.78,-,2.75,-,4.31,-,4.84,-,4.05,-,3.21,0
AM,NFO,NFO,1.1,1.1,Nott'm Forest,-,5.56,-,4.48,-,5.89,-,4.76,-,3.38,-,4.79,-,9.44,-,4.57,-,4.82,0
AM,BOU,BOU,1.1,1.1,Bournemouth,-,7.70,-,5.44,-,6.00,-,5.93,-,3.85,-,5.11,-,7.90,-,3.41,-,7.84,0
AM,WHU,WHU,0.5,0.5,West Ham,-,4.25,-,8.57,-,3.90,-,9.61,-,2.42,-,5.53,-,5.72,-,8.55,-,5.21,0
AM,AVL,AVL,0.8,0.8,Aston Villa,-,3.78,-,9.47,-,6.77,-,9.36,-,0.47,-,5.72,-,6.56,-,4.17,-,4.38,0
AM,BRE,BRE,0.8,0.8,Brentford,-,6.88,-,8.29,-,4.35,-,8.03,-,4.78,-,6.54,-,9.38,-,5.27,-,4.92,0
AM,CRY,CRY,0.8,0.8,Crystal Palace,-,6.85,-,7.45,-,12.12,-,8.10,-,2.92,-,11.01,-,5.96,-,5.48,-,5.18,0
AM,CHE,CHE,1.5,1.5,Chelsea,-,6.86,-,5.85,-,8.16,-,5.11,-,6.70,-,5.86,-,5.28,-,5.69,-,5.36,0
AM,MCI,MCI,1.5,1.5,Man City,-,9.28,-,5.78,-,7.08,-,11.88,-,0.83,-,7.88,-,11.09,-,5.07,-,5.86,0
AM,LEI,LEI,0.5,0.5,Leicester,-,2.75,-,5.55,-,3.97,-,3.91,-,3.24,-,5.72,-,5.09,-,5.19,-,4.54,0
AM,TOT,TOT,1.1,1.1,Spurs,-,6.72,-,7.95,-,4.82,-,10.73,-,4.32,-,4.85,-,8.11,-,4.32,-,8.87,0